"id","startTime","messageTime","matchState","sportType","name","type","parameters","status","mostBalancedLine","sgpEligable"
"35b86d28-2adf-3131-87b1-372abcb09dc0","2024-05-01T00:00:00Z","2024-05-02T06:36:17.918Z","ONGOING","GOLF","Tournament Winner","winner","[]","OPEN","False","False"
"793aa54c-4a95-3759-af45-8165b571e760","2024-05-02T03:50:00Z","2024-05-02T06:23:42.037Z","ONGOING","GOLF","Hole 12 Bai, Zheng-Kai vs. De Jager, Louis","hole-x-2-ball-1x2","['12', 'Bai, Zheng-Kai', 'De Jager, Louis']","OPEN","False","False"
"9cefd7c6-7a78-3579-9162-11efc1848714","2024-05-02T03:50:00Z","2024-05-02T06:23:42.037Z","ONGOING","GOLF","Hole 12 Bai, Zheng-Kai vs. Wiesberger, Bernd","hole-x-2-ball-1x2","['12', 'Bai, Zheng-Kai', 'Wiesberger, Bernd']","OPEN","False","False"
"28f18f76-d191-3815-b999-ccdaedded9ef","2024-05-02T03:50:00Z","2024-05-02T06:23:42.037Z","ONGOING","GOLF","Hole 12 Wiesberger, Bernd vs. De Jager, Louis","hole-x-2-ball-1x2","['12', 'Wiesberger, Bernd', 'De Jager, Louis']","OPEN","True","False"
"3398b1aa-2c3d-360e-ae09-6ceb8cc9f15b","2024-05-02T03:50:00Z","2024-05-02T06:23:42.037Z","ONGOING","GOLF","Hole 12 Winner","hole-x-3-ball","['12']","OPEN","False","False"
"92fea21f-c16e-306c-aa7f-9869d9a3313e","2024-05-02T03:50:00Z","2024-05-02T06:23:42.037Z","ONGOING","GOLF","Holes 13-15 Bai, Zheng-Kai vs. De Jager, Louis Most Birdies","holes-a-to-b-2-ball-1x2-most-birdies","['13', '15', 'Bai, Zheng-Kai', 'De Jager, Louis']","OPEN","False","False"
"5ee04580-835f-3d40-8504-3cf80278ac6e","2024-05-02T03:50:00Z","2024-05-02T06:23:42.037Z","ONGOING","GOLF","Holes 13-15 Bai, Zheng-Kai vs. Wiesberger, Bernd Most Birdies","holes-a-to-b-2-ball-1x2-most-birdies","['13', '15', 'Bai, Zheng-Kai', 'Wiesberger, Bernd']","OPEN","False","False"
"8aae196f-b507-3876-ab6a-ee58d2f7ac3b","2024-05-02T03:50:00Z","2024-05-02T06:23:42.037Z","ONGOING","GOLF","Holes 13-15 Wiesberger, Bernd vs. De Jager, Louis Most Birdies","holes-a-to-b-2-ball-1x2-most-birdies","['13', '15', 'Wiesberger, Bernd', 'De Jager, Louis']","OPEN","True","False"
"24473572-90a1-3be0-b8fe-c1f3f41a80e7","2024-05-02T03:50:00Z","2024-05-02T06:23:42.037Z","ONGOING","GOLF","Holes 13-15 Bai, Zheng-Kai vs. De Jager, Louis Most Bogeys","holes-a-to-b-2-ball-1x2-most-bogeys","['13', '15', 'Bai, Zheng-Kai', 'De Jager, Louis']","OPEN","False","False"
"ad188b83-6fd5-3d0e-8dde-f945fbdbafe8","2024-05-02T03:50:00Z","2024-05-02T06:23:42.037Z","ONGOING","GOLF","Holes 13-15 Bai, Zheng-Kai vs. Wiesberger, Bernd Most Bogeys","holes-a-to-b-2-ball-1x2-most-bogeys","['13', '15', 'Bai, Zheng-Kai', 'Wiesberger, Bernd']","OPEN","False","False"
"d41fe1fe-878b-30ed-b553-e44c30c98c64","2024-05-02T03:50:00Z","2024-05-02T06:23:42.037Z","ONGOING","GOLF","Holes 13-15 Wiesberger, Bernd vs. De Jager, Louis Most Bogeys","holes-a-to-b-2-ball-1x2-most-bogeys","['13', '15', 'Wiesberger, Bernd', 'De Jager, Louis']","OPEN","True","False"
"8d69243f-3e03-3885-9439-d46428edbc82","2024-05-02T03:50:00Z","2024-05-02T06:23:42.037Z","ONGOING","GOLF","Holes 13-15 Bai, Zheng-Kai vs. De Jager, Louis Most Pars","holes-a-to-b-2-ball-1x2-most-pars","['13', '15', 'Bai, Zheng-Kai', 'De Jager, Louis']","OPEN","False","False"
"8c9d43bf-7e55-320e-afe3-12fc0a0244ad","2024-05-02T03:50:00Z","2024-05-02T06:23:42.037Z","ONGOING","GOLF","Holes 13-15 Bai, Zheng-Kai vs. Wiesberger, Bernd Most Pars","holes-a-to-b-2-ball-1x2-most-pars","['13', '15', 'Bai, Zheng-Kai', 'Wiesberger, Bernd']","OPEN","False","False"
"c5da9e10-703c-32fc-a85d-5c465f840d6c","2024-05-02T03:50:00Z","2024-05-02T06:23:42.037Z","ONGOING","GOLF","Holes 13-15 Wiesberger, Bernd vs. De Jager, Louis Most Pars","holes-a-to-b-2-ball-1x2-most-pars","['13', '15', 'Wiesberger, Bernd', 'De Jager, Louis']","OPEN","True","False"
"d3b217b8-66f2-396f-9864-70b6430eb079","2024-05-02T03:50:00Z","2024-05-02T06:23:42.037Z","ONGOING","GOLF","Holes 13-15 Winner","holes-a-to-b-3-ball","['13', '15']","OPEN","False","False"
"357f28a0-9b6c-3f55-86f0-e733a6c1bbec","2024-05-02T03:50:00Z","2024-05-02T06:23:42.037Z","ONGOING","GOLF","Holes 13-15 Most Birdies","holes-a-to-b-3-ball-most-birdies","['13', '15']","OPEN","False","False"
"1458a73c-9b7c-3a09-8cba-491abc5d858b","2024-05-02T03:50:00Z","2024-05-02T06:23:42.037Z","ONGOING","GOLF","Holes 13-15 Most Pars","holes-a-to-b-3-ball-most-pars","['13', '15']","OPEN","False","False"
"f9c88d3d-0dbf-37df-bd9d-bbae446de2ec","2024-05-02T04:30:00Z","2024-05-02T06:35:44.685Z","ONGOING","GOLF","Hole 11 Lombard, Zander vs. Soderberg, Sebastian","hole-x-2-ball-1x2","['11', 'Lombard, Zander', 'Soderberg, Sebastian']","OPEN","False","False"
"47027afc-9bfb-3639-8870-cb8213791020","2024-05-02T04:30:00Z","2024-05-02T06:35:44.685Z","ONGOING","GOLF","Hole 11 Lombard, Zander vs. Wu, Ashun","hole-x-2-ball-1x2","['11', 'Lombard, Zander', 'Wu, Ashun']","OPEN","True","False"
"9f1a1f5a-1675-30cb-b107-b58da3d60f83","2024-05-02T04:30:00Z","2024-05-02T06:35:44.685Z","ONGOING","GOLF","Hole 11 Wu, Ashun vs. Soderberg, Sebastian","hole-x-2-ball-1x2","['11', 'Wu, Ashun', 'Soderberg, Sebastian']","OPEN","False","False"
"9802b735-f999-3225-9275-1aa07c49420e","2024-05-02T04:30:00Z","2024-05-02T06:35:44.685Z","ONGOING","GOLF","Hole 11 Winner","hole-x-3-ball","['11']","OPEN","False","False"
"724731da-40c3-3908-a660-81721b5de525","2024-05-02T04:30:00Z","2024-05-02T06:35:44.685Z","ONGOING","GOLF","Holes 13-15 Lombard, Zander vs. Soderberg, Sebastian Most Birdies","holes-a-to-b-2-ball-1x2-most-birdies","['13', '15', 'Lombard, Zander', 'Soderberg, Sebastian']","OPEN","True","False"
"b9bd1585-5fb3-39d8-bba7-9006d7836d87","2024-05-02T04:30:00Z","2024-05-02T06:35:44.685Z","ONGOING","GOLF","Holes 13-15 Lombard, Zander vs. Wu, Ashun Most Birdies","holes-a-to-b-2-ball-1x2-most-birdies","['13', '15', 'Lombard, Zander', 'Wu, Ashun']","OPEN","False","False"
"3dc1e5bd-d8bc-3ebc-b40b-fa36649d68ea","2024-05-02T04:30:00Z","2024-05-02T06:35:44.685Z","ONGOING","GOLF","Holes 13-15 Wu, Ashun vs. Soderberg, Sebastian Most Birdies","holes-a-to-b-2-ball-1x2-most-birdies","['13', '15', 'Wu, Ashun', 'Soderberg, Sebastian']","OPEN","False","False"
"7872e986-be44-34dd-b111-51afb9f711a2","2024-05-02T04:30:00Z","2024-05-02T06:35:44.685Z","ONGOING","GOLF","Holes 13-15 Lombard, Zander vs. Soderberg, Sebastian Most Bogeys","holes-a-to-b-2-ball-1x2-most-bogeys","['13', '15', 'Lombard, Zander', 'Soderberg, Sebastian']","OPEN","False","False"
"a7be4fdf-efcf-3448-9f28-ee25c42fd6a4","2024-05-02T04:30:00Z","2024-05-02T06:35:44.685Z","ONGOING","GOLF","Holes 13-15 Lombard, Zander vs. Wu, Ashun Most Bogeys","holes-a-to-b-2-ball-1x2-most-bogeys","['13', '15', 'Lombard, Zander', 'Wu, Ashun']","OPEN","True","False"
"a6d9f25f-ecd0-3ee7-9e9f-00bb2577e406","2024-05-02T04:30:00Z","2024-05-02T06:35:44.685Z","ONGOING","GOLF","Holes 13-15 Wu, Ashun vs. Soderberg, Sebastian Most Bogeys","holes-a-to-b-2-ball-1x2-most-bogeys","['13', '15', 'Wu, Ashun', 'Soderberg, Sebastian']","OPEN","False","False"
"314f88fb-620e-37e0-af85-5a4f678359c4","2024-05-02T04:30:00Z","2024-05-02T06:35:44.685Z","ONGOING","GOLF","Holes 13-15 Lombard, Zander vs. Soderberg, Sebastian Most Pars","holes-a-to-b-2-ball-1x2-most-pars","['13', '15', 'Lombard, Zander', 'Soderberg, Sebastian']","OPEN","False","False"
"26eac04a-aeb1-3d8c-97e2-df7f72da169a","2024-05-02T04:30:00Z","2024-05-02T06:35:44.685Z","ONGOING","GOLF","Holes 13-15 Lombard, Zander vs. Wu, Ashun Most Pars","holes-a-to-b-2-ball-1x2-most-pars","['13', '15', 'Lombard, Zander', 'Wu, Ashun']","OPEN","True","False"
"e68b1d81-86f4-39f3-876e-4ab60d4b4506","2024-05-02T04:30:00Z","2024-05-02T06:35:44.685Z","ONGOING","GOLF","Holes 13-15 Wu, Ashun vs. Soderberg, Sebastian Most Pars","holes-a-to-b-2-ball-1x2-most-pars","['13', '15', 'Wu, Ashun', 'Soderberg, Sebastian']","OPEN","False","False"
"395eb8a0-cb00-3ab6-ab35-bbc717a482cd","2024-05-02T04:30:00Z","2024-05-02T06:35:44.685Z","ONGOING","GOLF","Holes 13-15 Winner","holes-a-to-b-3-ball","['13', '15']","OPEN","False","False"
"98f33d61-d28a-3322-81fe-c04a24b46761","2024-05-02T04:30:00Z","2024-05-02T06:35:44.685Z","ONGOING","GOLF","Holes 13-15 Most Birdies","holes-a-to-b-3-ball-most-birdies","['13', '15']","OPEN","False","False"
"0c7f1743-fee8-3918-8edd-dcc8839ff295","2024-05-02T04:30:00Z","2024-05-02T06:35:44.685Z","ONGOING","GOLF","Holes 13-15 Most Pars","holes-a-to-b-3-ball-most-pars","['13', '15']","OPEN","False","False"
"7aaae560-c2a5-3223-b484-7738e16619c3","2024-05-02T04:45:00Z","2024-05-02T06:39:50.345Z","ONGOING","TENNIS","Kaji, Haruka To Win Exactly One Set","away-to-win-exactly-one-set","[]","OPEN","False","False"
"d55445b9-d2d5-39be-b390-fbcece05cddd","2024-05-02T04:45:00Z","2024-05-02T06:39:50.345Z","ONGOING","TENNIS","Kaji, Haruka To Win Exactly Two Sets","away-to-win-exactly-two-sets","[]","OPEN","False","False"
"be4f9f41-fa92-3c11-bb9c-931a4b5a6f2f","2024-05-02T04:45:00Z","2024-05-02T06:39:50.345Z","ONGOING","TENNIS","Game Spread","game-handicap","['2.5', '0']","OPEN","True","False"
"058c095f-5ae6-3623-be97-913e82d7dcf9","2024-05-02T04:45:00Z","2024-05-02T06:39:50.345Z","ONGOING","TENNIS","2nd Set Game Spread ","game-handicap-in-set","['0', '1.5', '2']","OPEN","True","False"
"e5da50d4-6574-3019-9f09-9b1d5aab948c","2024-05-02T04:45:00Z","2024-05-02T06:39:50.345Z","ONGOING","TENNIS","Total Games","games-more-less-than","['23.5']","OPEN","True","False"
"dac15864-e181-3a89-968c-d8d287378cb7","2024-05-02T04:45:00Z","2024-05-02T06:39:50.345Z","ONGOING","TENNIS","Set Spread ","handicap","['1.5', '0']","OPEN","True","False"
"813d5f30-0d80-3a66-9a4d-0265302e4c68","2024-05-02T04:45:00Z","2024-05-02T06:39:50.345Z","ONGOING","TENNIS","Hontama, Mai To Win A Set","home-to-win-a-set","[]","OPEN","False","False"
"ddf3f457-e516-3684-9906-042ebc0936ec","2024-05-02T04:45:00Z","2024-05-02T06:39:50.345Z","ONGOING","TENNIS","Hontama, Mai To Win Exactly One Set","home-to-win-exactly-one-set","[]","OPEN","False","False"
"619e3562-5040-32c9-bae1-fe491eb91710","2024-05-02T04:45:00Z","2024-05-02T06:39:50.345Z","ONGOING","TENNIS","Hontama, Mai To Win Exactly Two Sets","home-to-win-exactly-two-sets","[]","OPEN","False","False"
"94d85657-b7d6-3d0b-bfb6-52aa31865ee8","2024-05-02T04:45:00Z","2024-05-02T06:39:50.345Z","ONGOING","TENNIS","Correct Set Score","point-bet-2sets","[]","OPEN","False","False"
"bb63820c-67ec-336d-b0bc-81ed40469d4e","2024-05-02T04:45:00Z","2024-05-02T06:39:50.345Z","ONGOING","TENNIS","Total Sets","points-more-less-than","['2.5']","OPEN","True","False"
"35e6d2eb-4156-3e80-8175-c1c3834ed8d9","2024-05-02T04:45:00Z","2024-05-02T06:39:50.345Z","ONGOING","TENNIS","2nd Set Total Games","section-games-more-less","['2', '12.5']","OPEN","True","False"
"44d710cc-e781-3097-89ab-c22a52b77bdd","2024-05-02T04:45:00Z","2024-05-02T06:39:50.345Z","ONGOING","TENNIS","2nd Set Winner","section-win","['2']","OPEN","True","False"
"324d5bf2-c5d1-3f83-89a6-6b6b45e5c78c","2024-05-02T04:45:00Z","2024-05-02T06:39:50.345Z","ONGOING","TENNIS","Moneyline","standard","[]","OPEN","True","False"
"055b459d-0431-3169-b01c-affa4bd92d06","2024-05-02T04:45:00Z","2024-05-02T06:39:50.345Z","ONGOING","TENNIS","Hontama, Mai Total Games","team-points-more-less","['1', '10.5']","OPEN","True","False"
"f44b5c30-c51c-375d-a79d-0d4a694d1c70","2024-05-02T04:45:00Z","2024-05-02T06:39:50.345Z","ONGOING","TENNIS","Kaji, Haruka Total Games","team-points-more-less","['2', '13.5']","OPEN","True","False"
"99b1f936-4045-3976-bdf6-5921d23665ce","2024-05-02T04:45:00Z","2024-05-02T06:39:50.345Z","ONGOING","TENNIS","Will There Be A Tie Break?","tie-break-in-match","[]","OPEN","False","False"
"9574c3ed-9e14-3f82-9021-f4b79d27610c","2024-05-02T04:45:00Z","2024-05-02T06:39:50.345Z","ONGOING","TENNIS","Match Winner & Total Games ","winner-and-total","['27.5']","OPEN","False","False"
"175ac7e7-77c3-3085-81e8-a244e80152e2","2024-05-02T04:45:00Z","2024-05-02T06:39:50.345Z","ONGOING","TENNIS","Will There Be A Tiebreak In The 2nd Set?","xth-set-will-there-be-a-tiebreak","['2']","OPEN","False","False"
"1d20d8f9-9fd1-3157-80b8-7299399f5512","2024-05-02T05:25:00Z","2024-05-02T06:39:50.325Z","ONGOING","TENNIS","Game Spread","game-handicap","['0', '2.5']","BLOCKED","False","False"
"9b142e8f-66ff-38a2-9b3f-cbfb59cdcadc","2024-05-02T05:25:00Z","2024-05-02T06:39:50.325Z","ONGOING","TENNIS","Game Spread","game-handicap","['7.5', '0']","OPEN","True","False"
"282321bc-1068-35b0-831a-2bd6491f14cb","2024-05-02T05:25:00Z","2024-05-02T06:39:50.325Z","ONGOING","TENNIS","1st Set Game Spread ","game-handicap-in-set","['0', '0.5', '1']","BLOCKED","True","False"
"1584ab8d-8d1c-3441-b48c-2556c642a427","2024-05-02T05:25:00Z","2024-05-02T06:39:50.325Z","ONGOING","TENNIS","2nd Set Game Spread ","game-handicap-in-set","['4.5', '0', '2']","OPEN","True","False"
"63f97b70-1695-3274-886e-d7ee1ed7f359","2024-05-02T05:25:00Z","2024-05-02T06:39:50.325Z","ONGOING","TENNIS","2nd Set 6th Game Winner","game-win","['2', '6']","OPEN","False","False"
"11411810-3a3f-39a8-9b07-d76d70c93f43","2024-05-02T05:25:00Z","2024-05-02T06:39:50.325Z","ONGOING","TENNIS","2nd Set 7th Game Winner","game-win","['2', '7']","OPEN","True","False"
"ed026ebd-bd10-3fc6-ac92-635688193be2","2024-05-02T05:25:00Z","2024-05-02T06:39:50.325Z","ONGOING","TENNIS","Total Games","games-more-less-than","['16.5']","OPEN","True","False"
"12a38e2e-ad85-3134-9b56-6889de490e56","2024-05-02T05:25:00Z","2024-05-02T06:39:50.325Z","ONGOING","TENNIS","Total Games","games-more-less-than","['20.5']","BLOCKED","False","False"
"daf2413c-41fd-3c6c-90fe-507ee37fc11c","2024-05-02T05:25:00Z","2024-05-02T06:39:50.325Z","ONGOING","TENNIS","Total Games","games-more-less-than","['24.5']","BLOCKED","False","False"
"90bdcce2-21f0-3f64-abc5-1dda3fe2ec88","2024-05-02T05:25:00Z","2024-05-02T06:39:50.325Z","ONGOING","TENNIS","1st Set Total Games","section-games-more-less","['1', '8.5']","BLOCKED","True","False"
"555498dd-60cd-3a6f-adc3-cea2b1016c62","2024-05-02T05:25:00Z","2024-05-02T06:39:50.325Z","ONGOING","TENNIS","2nd Set Total Games","section-games-more-less","['2', '7.5']","OPEN","True","False"
"1125efc1-6d1b-3912-9951-6af09eabd636","2024-05-02T05:25:00Z","2024-05-02T06:39:50.325Z","ONGOING","TENNIS","3rd Set Correct Score","xth-set-correct-score","['3']","OPEN","False","False"
"b2b6ec75-d0a0-39ea-9217-75bb69960321","2024-05-02T05:40:00Z","2024-05-02T06:39:44.687Z","ONGOING","TENNIS","Bhosale R / Grey S B To Win A Set","away-to-win-a-set","[]","OPEN","False","False"
"5d857783-f539-3b58-af43-99d88251266a","2024-05-02T05:40:00Z","2024-05-02T06:39:44.687Z","ONGOING","TENNIS","Bhosale R / Grey S B To Win Exactly One Set","away-to-win-exactly-one-set","[]","OPEN","False","False"
"9ea8c2f0-b806-3fb4-8c32-d322a55c7dc3","2024-05-02T05:40:00Z","2024-05-02T06:39:44.687Z","ONGOING","TENNIS","Bhosale R / Grey S B To Win Exactly Two Sets","away-to-win-exactly-two-sets","[]","OPEN","False","False"
"8aca55cc-3fb9-3394-9b1b-2e6ea16b928c","2024-05-02T05:40:00Z","2024-05-02T06:39:44.687Z","ONGOING","TENNIS","2nd Set 2nd Game To Deuce","deuce-in-game","['2', '2']","OPEN","False","False"
"0f1da8fc-745e-32b9-a691-8c134a44e47c","2024-05-02T05:40:00Z","2024-05-02T06:39:44.687Z","ONGOING","TENNIS","2nd Set 1st Game 4th Point Winner","exact-game-point-in-set","['2', '1', '4']","OPEN","True","False"
"262ae5aa-c3ef-3ede-99c9-5a4cae4eea4f","2024-05-02T05:40:00Z","2024-05-02T06:39:44.687Z","ONGOING","TENNIS","First 2 Points in 2nd Set 2nd Game","first-game-points-in-set","['2', '2', '2']","OPEN","True","False"
"9ef6866f-e7fb-3efa-ad7e-56068c67b086","2024-05-02T05:40:00Z","2024-05-02T06:39:44.687Z","ONGOING","TENNIS","2nd Set Game Spread ","game-handicap-in-set","['1.5', '0', '2']","OPEN","True","False"
"896706af-8522-30ec-a802-12198acc2ca3","2024-05-02T05:40:00Z","2024-05-02T06:39:44.687Z","ONGOING","TENNIS","2nd Set 2nd Game Winner","game-win","['2', '2']","OPEN","True","False"
"122a5c34-745b-3bfd-8b53-f32dbee45aa0","2024-05-02T05:40:00Z","2024-05-02T06:39:44.687Z","ONGOING","TENNIS","Total Games","games-more-less-than","['21.5']","OPEN","True","False"
"a8af7fb2-a1dc-3876-8bd2-0cefe7e1b124","2024-05-02T05:40:00Z","2024-05-02T06:39:44.687Z","ONGOING","TENNIS","Set Spread ","handicap","['0', '1.5']","OPEN","True","False"
"c05b6aac-e10c-3a1d-adee-3d8d4fe5530f","2024-05-02T05:40:00Z","2024-05-02T06:39:44.687Z","ONGOING","TENNIS","Kawaguchi N / Park S To Win Exactly One Set","home-to-win-exactly-one-set","[]","OPEN","False","False"
"c2023f6f-9d60-3e9d-bcf6-75aa3e0e9390","2024-05-02T05:40:00Z","2024-05-02T06:39:44.687Z","ONGOING","TENNIS","Kawaguchi N / Park S To Win Exactly Two Sets","home-to-win-exactly-two-sets","[]","OPEN","False","False"
"7951e0fc-b6b9-307a-b614-f84c69c6253a","2024-05-02T05:40:00Z","2024-05-02T06:39:44.687Z","ONGOING","TENNIS","2nd Set 2nd Game Winner + Score","other-games-score","['2', '2']","OPEN","False","False"
"6e76e327-e55c-39f6-86c2-6631af446113","2024-05-02T05:40:00Z","2024-05-02T06:39:44.687Z","ONGOING","TENNIS","Correct Set Score","point-bet-2sets","[]","OPEN","False","False"
"1a227caa-3159-3dea-98c0-10149a73e336","2024-05-02T05:40:00Z","2024-05-02T06:39:44.687Z","ONGOING","TENNIS","Total Sets","points-more-less-than","['2.5']","OPEN","True","False"
"b3c457b8-edd4-31c4-9a1c-4b94408aa2f8","2024-05-02T05:40:00Z","2024-05-02T06:39:44.687Z","ONGOING","TENNIS","2nd Set Total Games","section-games-more-less","['2', '9.5']","OPEN","True","False"
"ac4aef90-eda5-3d1d-89f1-eb85bb569743","2024-05-02T05:40:00Z","2024-05-02T06:39:44.687Z","ONGOING","TENNIS","2nd Set Winner","section-win","['2']","OPEN","True","False"
"9965e472-3c12-37f3-8d1c-b2a10692af01","2024-05-02T05:40:00Z","2024-05-02T06:39:44.687Z","ONGOING","TENNIS","Moneyline","standard","[]","OPEN","True","False"
"2ca2c5e8-6a7b-3848-b12b-f36633692716","2024-05-02T05:40:00Z","2024-05-02T06:39:44.687Z","ONGOING","TENNIS","Match Winner & Total Games ","winner-and-total","['21.5']","OPEN","False","False"
"4ed1a2ec-7f77-3177-972c-c5b153b1cb66","2024-05-02T05:40:00Z","2024-05-02T06:39:44.687Z","ONGOING","TENNIS","2nd Set Correct Score","xth-set-correct-score","['2']","OPEN","False","False"
"a2fa45a3-af36-3f57-a062-85a63d6b4d42","2024-05-02T05:40:00Z","2024-05-02T06:39:44.687Z","ONGOING","TENNIS","2nd Set 2nd Game Exact Points","xth-set-game-x-exact-points","['2', '2']","OPEN","False","False"
"a6fb35ff-e155-3b80-adbc-3f07b86d24f2","2024-05-02T05:40:00Z","2024-05-02T06:39:44.687Z","ONGOING","TENNIS","2nd Set 2 Game Race To 2nd Point","xth-set-game-x-race-to-x-points","['2', '2', '2']","OPEN","True","False"
"bfa151a4-e682-3445-aab6-818412320da5","2024-05-02T05:40:00Z","2024-05-02T06:39:44.687Z","ONGOING","TENNIS","2nd Set Race To 2 Games","xth-set-race-to-x-games","['2', '2']","OPEN","True","False"
"53bb41d3-4cb4-3dad-a107-71a5f43e625d","2024-05-02T05:40:00Z","2024-05-02T06:39:44.687Z","ONGOING","TENNIS","2nd Set Race To 3 Games","xth-set-race-to-x-games","['2', '3']","OPEN","False","False"
"0714b2db-09ee-35c8-b795-3f7dadddaa0e","2024-05-02T05:40:00Z","2024-05-02T06:39:44.687Z","ONGOING","TENNIS","2nd Set Race To 4 Games","xth-set-race-to-x-games","['2', '4']","OPEN","False","False"
"5674f074-e11e-356f-893a-fd4ee5a9ebd5","2024-05-02T05:40:00Z","2024-05-02T06:39:44.687Z","ONGOING","TENNIS","2nd Set Race To 5 Games","xth-set-race-to-x-games","['2', '5']","OPEN","False","False"
"f6909982-9b71-367c-99e9-66e63322768f","2024-05-02T05:40:00Z","2024-05-02T06:39:44.687Z","ONGOING","TENNIS","Will There Be A Tiebreak In The 2nd Set?","xth-set-will-there-be-a-tiebreak","['2']","OPEN","False","False"
"69145ac2-f7dc-3c65-a427-838ff7a11132","2024-05-02T05:45:00Z","2024-05-02T06:39:51.041Z","ONGOING","TENNIS","MA Y / Sawangkaew M To Win A Set","away-to-win-a-set","[]","OPEN","False","False"
"9ae9f69a-752e-372a-9db8-889d2c0f64f0","2024-05-02T05:45:00Z","2024-05-02T06:39:51.041Z","ONGOING","TENNIS","MA Y / Sawangkaew M To Win Exactly One Set","away-to-win-exactly-one-set","[]","OPEN","False","False"
"f15e28f3-28b5-313d-bcab-a583627b13d3","2024-05-02T05:45:00Z","2024-05-02T06:39:51.041Z","ONGOING","TENNIS","MA Y / Sawangkaew M To Win Exactly Two Sets","away-to-win-exactly-two-sets","[]","OPEN","False","False"
"11f208ea-833b-3980-876a-a5dc399d640a","2024-05-02T05:45:00Z","2024-05-02T06:39:51.041Z","ONGOING","TENNIS","1st Set 12th Game To Deuce","deuce-in-game","['1', '12']","OPEN","False","False"
"e431ca92-5fd6-3d73-a403-2aa9b883cd9d","2024-05-02T05:45:00Z","2024-05-02T06:39:51.041Z","ONGOING","TENNIS","1st Set & Match Winner","double-result-first-set-match","[]","OPEN","False","False"
"a9fbab70-20f0-3cdd-a9ef-26880f60b6dd","2024-05-02T05:45:00Z","2024-05-02T06:39:51.041Z","ONGOING","TENNIS","1st Set 11th Game 3rd Point Winner","exact-game-point-in-set","['1', '11', '3']","OPEN","True","False"
"20e22c07-fe52-38eb-b533-2c9a211f794a","2024-05-02T05:45:00Z","2024-05-02T06:39:51.041Z","ONGOING","TENNIS","First 2 Points in 1st Set 12th Game","first-game-points-in-set","['1', '12', '2']","OPEN","True","False"
"a69373af-bd16-37ca-a911-8381cadb2049","2024-05-02T05:45:00Z","2024-05-02T06:39:51.041Z","ONGOING","TENNIS","1st Set Game Spread ","game-handicap-in-set","['0', '1.5', '1']","OPEN","True","False"
"5b3f0556-3c47-3c5a-8e20-fad9cc78b692","2024-05-02T05:45:00Z","2024-05-02T06:39:51.041Z","ONGOING","TENNIS","1st Set 11th Game Winner","game-win","['1', '11']","OPEN","False","False"
"880537d7-0453-37c9-8d7e-f2cb5a4683fb","2024-05-02T05:45:00Z","2024-05-02T06:39:51.041Z","ONGOING","TENNIS","1st Set 12th Game Winner","game-win","['1', '12']","OPEN","True","False"
"f7f9d608-2dc8-35c2-ba3b-c855833c64f2","2024-05-02T05:45:00Z","2024-05-02T06:39:51.041Z","ONGOING","TENNIS","Total Games","games-more-less-than","['21.5']","OPEN","True","False"
"162de30e-3ab4-3ee3-b28d-8130fc22f99c","2024-05-02T05:45:00Z","2024-05-02T06:39:51.041Z","ONGOING","TENNIS","Set Spread ","handicap","['0', '1.5']","OPEN","True","False"
"3797e063-5a98-355b-b9f6-43371e9606d0","2024-05-02T05:45:00Z","2024-05-02T06:39:51.041Z","ONGOING","TENNIS","Set Spread ","handicap","['1.5', '0']","OPEN","False","False"
"806125e0-91da-3b2b-bfcb-8eadb7810e06","2024-05-02T05:45:00Z","2024-05-02T06:39:51.041Z","ONGOING","TENNIS","Hartono A / Thombare P G To Win A Set","home-to-win-a-set","[]","OPEN","False","False"
"1f05c4d4-0b06-3b89-b7e2-6883b1234bdf","2024-05-02T05:45:00Z","2024-05-02T06:39:51.041Z","ONGOING","TENNIS","Hartono A / Thombare P G To Win Exactly One Set","home-to-win-exactly-one-set","[]","OPEN","False","False"
"4b80d686-8b89-3543-bc99-a17aad012c9f","2024-05-02T05:45:00Z","2024-05-02T06:39:51.041Z","ONGOING","TENNIS","Hartono A / Thombare P G To Win Exactly Two Sets","home-to-win-exactly-two-sets","[]","OPEN","False","False"
"fa796e47-ee77-3ca4-8bbb-db32d0cad436","2024-05-02T05:45:00Z","2024-05-02T06:39:51.041Z","ONGOING","TENNIS","Exact Number of Sets Played","number-of-points","['sr:exact_sets:bestof:3']","OPEN","False","False"
"33807419-a0e5-35f1-b75e-6eba76909b6a","2024-05-02T05:45:00Z","2024-05-02T06:39:51.041Z","ONGOING","TENNIS","1st Set 12th Game Winner + Score","other-games-score","['1', '12']","OPEN","False","False"
"ee4e91dd-77f8-3a6b-a418-b1bceb04d01d","2024-05-02T05:45:00Z","2024-05-02T06:39:51.041Z","ONGOING","TENNIS","Correct Set Score","point-bet-2sets","[]","OPEN","False","False"
"b9f3e386-89f4-3dfa-964c-51c8c8fd7280","2024-05-02T05:45:00Z","2024-05-02T06:39:51.041Z","ONGOING","TENNIS","Total Sets","points-more-less-than","['2.5']","OPEN","True","False"
"b2bb97df-43d2-3fa6-9cb4-229a51f0dfe0","2024-05-02T05:45:00Z","2024-05-02T06:39:51.041Z","ONGOING","TENNIS","1st Set Total Games","section-games-more-less","['1', '12.5']","OPEN","True","False"
"0d9f5009-882c-3075-86ad-2a5ebe6bb336","2024-05-02T05:45:00Z","2024-05-02T06:39:51.041Z","ONGOING","TENNIS","1st Set Winner","section-win","['1']","OPEN","True","False"
"b0dd0bc6-8cef-3b6b-ac09-aa1722c633af","2024-05-02T05:45:00Z","2024-05-02T06:39:51.041Z","ONGOING","TENNIS","2nd Set Winner","section-win","['2']","OPEN","True","False"
"b66a75bd-2dd5-3d2c-801c-a74a96958321","2024-05-02T05:45:00Z","2024-05-02T06:39:51.041Z","ONGOING","TENNIS","Moneyline","standard","[]","OPEN","True","False"
"e7bc4c66-94c8-3f3f-9a64-b02da55270ca","2024-05-02T05:45:00Z","2024-05-02T06:39:51.041Z","ONGOING","TENNIS","Match Winner & Total Games ","winner-and-total","['21.5']","OPEN","False","False"
"f182b2e2-673b-38c8-bd57-a5203f0b322a","2024-05-02T05:45:00Z","2024-05-02T06:39:51.041Z","ONGOING","TENNIS","1st Set Correct Score","xth-set-correct-score","['1']","OPEN","False","False"
"fd223ed3-ae68-3806-a6a4-a4d49d8ec13a","2024-05-02T05:45:00Z","2024-05-02T06:39:51.041Z","ONGOING","TENNIS","1st Set 12th Game Exact Points","xth-set-game-x-exact-points","['1', '12']","OPEN","False","False"
"27a43788-c221-39df-85dd-b720832adad1","2024-05-02T05:45:00Z","2024-05-02T06:39:51.041Z","ONGOING","TENNIS","1st Set 12 Game Race To 2nd Point","xth-set-game-x-race-to-x-points","['1', '12', '2']","OPEN","True","False"
"3d677bfd-8fc1-3292-9a0a-5eade0c0f0ab","2024-05-02T05:45:00Z","2024-05-02T06:39:51.041Z","ONGOING","TENNIS","Will There Be A Tiebreak In The 1st Set?","xth-set-will-there-be-a-tiebreak","['1']","OPEN","False","False"
"789f9241-56a3-323e-aaf4-61e2b5c89abb","2024-05-02T05:55:00Z","2024-05-02T06:39:52.178Z","ONGOING","TENNIS","Will Any Set Result in A Bagel? (6-0)","any-set-to-nil","[]","OPEN","False","False"
"d676cef1-e8a5-3e0e-a812-47d7abc337f8","2024-05-02T05:55:00Z","2024-05-02T06:39:52.178Z","ONGOING","TENNIS","Gorgodze, Ekaterine To Win A Set","away-to-win-a-set","[]","OPEN","False","False"
"542c8e15-b820-3a83-8e1d-8d9dd04dec18","2024-05-02T05:55:00Z","2024-05-02T06:39:52.178Z","ONGOING","TENNIS","Gorgodze, Ekaterine To Win Exactly One Set","away-to-win-exactly-one-set","[]","OPEN","False","False"
"b09c147c-2659-32c5-ac99-3b9ba3dfed28","2024-05-02T05:55:00Z","2024-05-02T06:39:52.178Z","ONGOING","TENNIS","Gorgodze, Ekaterine To Win Exactly Two Sets","away-to-win-exactly-two-sets","[]","OPEN","False","False"
"a6f19a14-7c6e-35fa-a707-343127bbf83b","2024-05-02T05:55:00Z","2024-05-02T06:39:52.178Z","ONGOING","TENNIS","1st Set 9th Game To Deuce","deuce-in-game","['1', '9']","OPEN","False","False"
"9e03d410-1b62-318a-aa62-d0def3457f22","2024-05-02T05:55:00Z","2024-05-02T06:39:52.178Z","ONGOING","TENNIS","1st Set & Match Winner","double-result-first-set-match","[]","OPEN","False","False"
"9c06e4d9-076a-3f19-8ee1-444a8f3f5ae1","2024-05-02T05:55:00Z","2024-05-02T06:39:52.178Z","ONGOING","TENNIS","1st Set 9th Game 1st Point Winner","exact-game-point-in-set","['1', '9', '1']","OPEN","True","False"
"22b4a277-50ca-3cad-9919-82641f3e83cb","2024-05-02T05:55:00Z","2024-05-02T06:39:52.178Z","ONGOING","TENNIS","First 2 Points in 1st Set 9th Game","first-game-points-in-set","['1', '9', '2']","OPEN","True","False"
"bb9748cd-53f5-3a55-8893-159c86a0462f","2024-05-02T05:55:00Z","2024-05-02T06:39:52.178Z","ONGOING","TENNIS","Game Spread","game-handicap","['0', '3.5']","OPEN","True","False"
"9fb0048e-58cb-3f6f-914a-8eae479e9a93","2024-05-02T05:55:00Z","2024-05-02T06:39:52.178Z","ONGOING","TENNIS","1st Set Game Spread ","game-handicap-in-set","['0', '1.5', '1']","OPEN","True","False"
"8fc0036d-3ac3-387f-81ab-e9e6ab2c8f3f","2024-05-02T05:55:00Z","2024-05-02T06:39:52.178Z","ONGOING","TENNIS","1st Set 9th Game Winner","game-win","['1', '9']","OPEN","True","False"
"de7bbde9-8795-3321-b505-a495b1cc9f24","2024-05-02T05:55:00Z","2024-05-02T06:39:52.178Z","ONGOING","TENNIS","Total Games","games-more-less-than","['21.5']","OPEN","True","False"
"804d8c9f-9e59-3709-919b-ebba13357b46","2024-05-02T05:55:00Z","2024-05-02T06:39:52.178Z","ONGOING","TENNIS","Set Spread ","handicap","['0', '1.5']","OPEN","True","False"
"d3c2292a-b1d5-3f4b-ba5e-a1e74b087d8d","2024-05-02T05:55:00Z","2024-05-02T06:39:52.178Z","ONGOING","TENNIS","Set Spread ","handicap","['1.5', '0']","OPEN","False","False"
"87fa84bb-83b7-3753-b202-8a7a0b000a0e","2024-05-02T05:55:00Z","2024-05-02T06:39:52.178Z","ONGOING","TENNIS","Glushko, Lina To Win A Set","home-to-win-a-set","[]","OPEN","False","False"
"336ad157-eb1a-3cf8-a9f2-df3d409068a0","2024-05-02T05:55:00Z","2024-05-02T06:39:52.178Z","ONGOING","TENNIS","Glushko, Lina To Win Exactly One Set","home-to-win-exactly-one-set","[]","OPEN","False","False"
"1780e300-1a15-3d8e-b0c1-b3f3e61c62d4","2024-05-02T05:55:00Z","2024-05-02T06:39:52.178Z","ONGOING","TENNIS","Glushko, Lina To Win Exactly Two Sets","home-to-win-exactly-two-sets","[]","OPEN","False","False"
"e82af8c8-4277-39c6-8a83-719c8bfbf7ff","2024-05-02T05:55:00Z","2024-05-02T06:39:52.178Z","ONGOING","TENNIS","Exact Number of Sets Played","number-of-points","['sr:exact_sets:bestof:3']","OPEN","False","False"
"6d6d0f7b-ba44-3625-9285-a781aaacf863","2024-05-02T05:55:00Z","2024-05-02T06:39:52.178Z","ONGOING","TENNIS","1st Set 9th Game Winner + Score","other-games-score","['1', '9']","OPEN","False","False"
"6b36197e-12c4-30e9-b088-023eb2d01702","2024-05-02T05:55:00Z","2024-05-02T06:39:52.178Z","ONGOING","TENNIS","Correct Set Score","point-bet-2sets","[]","OPEN","False","False"
"618b5803-6917-3967-898c-c66825656507","2024-05-02T05:55:00Z","2024-05-02T06:39:52.178Z","ONGOING","TENNIS","Total Sets","points-more-less-than","['2.5']","OPEN","True","False"
"5d647994-b3a2-3615-9acd-b6d4a33df8ff","2024-05-02T05:55:00Z","2024-05-02T06:39:52.178Z","ONGOING","TENNIS","1st Set Total Games","section-games-more-less","['1', '10.5']","OPEN","True","False"
"2234319e-c129-33cd-93c0-9cce1b4c9a8d","2024-05-02T05:55:00Z","2024-05-02T06:39:52.178Z","ONGOING","TENNIS","1st Set Winner","section-win","['1']","OPEN","True","False"
"d1d1ee59-96a3-38f7-a30a-11d386b86885","2024-05-02T05:55:00Z","2024-05-02T06:39:52.178Z","ONGOING","TENNIS","2nd Set Winner","section-win","['2']","OPEN","True","False"
"a5a3d812-db1e-395e-80c0-abefca95750d","2024-05-02T05:55:00Z","2024-05-02T06:39:52.178Z","ONGOING","TENNIS","Moneyline","standard","[]","OPEN","True","False"
"9e27cd65-7493-398a-a41a-236e0eead402","2024-05-02T05:55:00Z","2024-05-02T06:39:52.178Z","ONGOING","TENNIS","Glushko, Lina Total Games","team-points-more-less","['1', '12.5']","OPEN","True","False"
"da4bf17c-8ee4-3018-ac5a-12aedc0a245e","2024-05-02T05:55:00Z","2024-05-02T06:39:52.178Z","ONGOING","TENNIS","Gorgodze, Ekaterine Total Games","team-points-more-less","['2', '10.5']","OPEN","True","False"
"60a68865-0969-3171-9350-43be5b9d1f8e","2024-05-02T05:55:00Z","2024-05-02T06:39:52.178Z","ONGOING","TENNIS","Will There Be A Tie Break?","tie-break-in-match","[]","OPEN","False","False"
"25c6a6c3-7f4b-3895-9014-04485514ef63","2024-05-02T05:55:00Z","2024-05-02T06:39:52.178Z","ONGOING","TENNIS","Match Winner & Total Games ","winner-and-total","['21.5']","OPEN","False","False"
"02825e66-9f57-3b8e-8937-5bcbe86a44eb","2024-05-02T05:55:00Z","2024-05-02T06:39:52.178Z","ONGOING","TENNIS","1st Set 9th Game Exact Points","xth-set-game-x-exact-points","['1', '9']","OPEN","False","False"
"319dc5f7-107c-3c54-943a-3a516b8ed833","2024-05-02T05:55:00Z","2024-05-02T06:39:52.178Z","ONGOING","TENNIS","1st Set 9 Game Race To 2nd Point","xth-set-game-x-race-to-x-points","['1', '9', '2']","OPEN","True","False"
"2265c30a-2342-3751-9aeb-95831964ffb9","2024-05-02T05:55:00Z","2024-05-02T06:39:52.178Z","ONGOING","TENNIS","1st Set Race To 5 Games","xth-set-race-to-x-games","['1', '5']","OPEN","True","False"
"7a0e8beb-35c5-326e-ac43-60e10932dac2","2024-05-02T05:55:00Z","2024-05-02T06:39:52.178Z","ONGOING","TENNIS","Will There Be A Tiebreak In The 1st Set?","xth-set-will-there-be-a-tiebreak","['1']","OPEN","False","False"
"536a9bd9-754a-3cd1-8c2d-9f6700409dba","2024-05-02T06:00:00Z","2024-05-02T06:39:53.080Z","ONGOING","TENNIS","Will Any Set Result in A Bagel? (6-0)","any-set-to-nil","[]","OPEN","False","False"
"a687684a-b07f-3788-9f6a-9377f27043b3","2024-05-02T06:00:00Z","2024-05-02T06:39:53.080Z","ONGOING","TENNIS","Harrison, Catherine To Win A Set","away-to-win-a-set","[]","OPEN","False","False"
"8ab8eaf9-af02-35c0-b222-46848d53a3f1","2024-05-02T06:00:00Z","2024-05-02T06:39:53.080Z","ONGOING","TENNIS","Harrison, Catherine To Win Exactly One Set","away-to-win-exactly-one-set","[]","OPEN","False","False"
"1034f8d9-78f8-3e89-971a-63a9baefcf45","2024-05-02T06:00:00Z","2024-05-02T06:39:53.080Z","ONGOING","TENNIS","Harrison, Catherine To Win Exactly Two Sets","away-to-win-exactly-two-sets","[]","OPEN","False","False"
"96f542bb-f0c5-30ac-a5b4-ed0a8f91a411","2024-05-02T06:00:00Z","2024-05-02T06:39:53.080Z","ONGOING","TENNIS","1st Set & Match Winner","double-result-first-set-match","[]","OPEN","False","False"
"4be76ae6-03a0-3407-98d2-e97d3ae96cf0","2024-05-02T06:00:00Z","2024-05-02T06:39:53.080Z","ONGOING","TENNIS","1st Set 7th Game 4th Point Winner","exact-game-point-in-set","['1', '7', '4']","OPEN","True","False"
"cf61f42f-c71f-317e-b1c1-650237f075aa","2024-05-02T06:00:00Z","2024-05-02T06:39:53.080Z","ONGOING","TENNIS","Game Spread","game-handicap","['0', '6.5']","OPEN","True","False"
"cbdbc51d-c03e-309e-9798-c42c465b1535","2024-05-02T06:00:00Z","2024-05-02T06:39:53.080Z","ONGOING","TENNIS","1st Set Game Spread ","game-handicap-in-set","['0', '3.5', '1']","OPEN","True","False"
"9c40b060-42f0-331b-80c2-c049bcf206ae","2024-05-02T06:00:00Z","2024-05-02T06:39:53.080Z","ONGOING","TENNIS","1st Set 7th Game Winner","game-win","['1', '7']","OPEN","True","False"
"b6c52fc2-3463-30ab-88bb-28753cd7a640","2024-05-02T06:00:00Z","2024-05-02T06:39:53.080Z","ONGOING","TENNIS","Total Games","games-more-less-than","['17.5']","OPEN","True","False"
"c540dd2d-1771-3d57-83c1-3a883c279ee3","2024-05-02T06:00:00Z","2024-05-02T06:39:53.080Z","ONGOING","TENNIS","Set Spread ","handicap","['0', '1.5']","OPEN","True","False"
"90dac5cb-434d-3b41-8bca-e99176b9fa7f","2024-05-02T06:00:00Z","2024-05-02T06:39:53.080Z","ONGOING","TENNIS","Set Spread ","handicap","['1.5', '0']","OPEN","False","False"
"9add38f5-e5d0-3725-885b-7d516b344159","2024-05-02T06:00:00Z","2024-05-02T06:39:53.080Z","ONGOING","TENNIS","Snigur, Daria To Win A Set","home-to-win-a-set","[]","OPEN","False","False"
"8d49bc9d-c7b3-3c18-be49-a17d333cb088","2024-05-02T06:00:00Z","2024-05-02T06:39:53.080Z","ONGOING","TENNIS","Snigur, Daria To Win Exactly One Set","home-to-win-exactly-one-set","[]","OPEN","False","False"
"8e2e0176-e882-3934-bf9e-498f693bc7df","2024-05-02T06:00:00Z","2024-05-02T06:39:53.080Z","ONGOING","TENNIS","Snigur, Daria To Win Exactly Two Sets","home-to-win-exactly-two-sets","[]","OPEN","False","False"
"c5e4d4e7-f7b0-373c-9765-8522a47f47e4","2024-05-02T06:00:00Z","2024-05-02T06:39:53.080Z","ONGOING","TENNIS","Exact Number of Sets Played","number-of-points","['sr:exact_sets:bestof:3']","OPEN","False","False"
"53e5d6d8-ed98-32ed-b024-f5f69554ff01","2024-05-02T06:00:00Z","2024-05-02T06:39:53.080Z","ONGOING","TENNIS","Correct Set Score","point-bet-2sets","[]","OPEN","False","False"
"853ef245-967c-37e3-a5e8-939fee0fe99d","2024-05-02T06:00:00Z","2024-05-02T06:39:53.080Z","ONGOING","TENNIS","Total Sets","points-more-less-than","['2.5']","OPEN","True","False"
"8e93916f-b9c3-344f-9037-5ae4df76f851","2024-05-02T06:00:00Z","2024-05-02T06:39:53.080Z","ONGOING","TENNIS","1st Set Total Games","section-games-more-less","['1', '7.5']","OPEN","True","False"
"2b776911-b32e-3fbe-bfdb-307c523aee55","2024-05-02T06:00:00Z","2024-05-02T06:39:53.080Z","ONGOING","TENNIS","1st Set Winner","section-win","['1']","OPEN","False","False"
"7ed338be-8fab-3abd-9476-0cd9ac8b5fda","2024-05-02T06:00:00Z","2024-05-02T06:39:53.080Z","ONGOING","TENNIS","2nd Set Winner","section-win","['2']","OPEN","True","False"
"01afddf6-e692-3049-8fc3-275cc54fd98a","2024-05-02T06:00:00Z","2024-05-02T06:39:53.080Z","ONGOING","TENNIS","Moneyline","standard","[]","OPEN","True","False"
"4c14f08b-c6c3-38fc-a325-65b69c245d41","2024-05-02T06:00:00Z","2024-05-02T06:39:53.080Z","ONGOING","TENNIS","Snigur, Daria Total Games","team-points-more-less","['1', '12.5']","OPEN","True","False"
"ed34dd17-2e5d-350c-a942-a8785c56f30e","2024-05-02T06:00:00Z","2024-05-02T06:39:53.080Z","ONGOING","TENNIS","Harrison, Catherine Total Games","team-points-more-less","['2', '5.5']","OPEN","True","False"
"ae495374-05a9-342d-9c53-25e68620c51c","2024-05-02T06:00:00Z","2024-05-02T06:39:53.080Z","ONGOING","TENNIS","Will There Be A Tie Break?","tie-break-in-match","[]","OPEN","False","False"
"d10d49c3-17fa-3832-b176-af40bfca611f","2024-05-02T06:00:00Z","2024-05-02T06:39:53.080Z","ONGOING","TENNIS","Match Winner & Total Games ","winner-and-total","['17.5']","OPEN","False","False"
"54ad58c0-09d9-3632-9a0c-311e0cff297f","2024-05-02T06:00:00Z","2024-05-02T06:39:53.080Z","ONGOING","TENNIS","Will There Be A Tiebreak In The 1st Set?","xth-set-will-there-be-a-tiebreak","['1']","OPEN","False","False"
"42e4ca36-933b-3b1b-a93e-c6407ba201bf","2024-05-02T06:00:00Z","2024-05-02T06:38:53.938Z","ONGOING","TENNIS","Will Any Set Result in A Bagel? (6-0)","any-set-to-nil","[]","OPEN","False","False"
"7293ff55-3a06-39f2-901e-8049bbc1a648","2024-05-02T06:00:00Z","2024-05-02T06:38:53.938Z","ONGOING","TENNIS","Radwanska, Urszula To Win A Set","away-to-win-a-set","[]","OPEN","False","False"
"2da43da7-137e-357b-8963-3ab774977975","2024-05-02T06:00:00Z","2024-05-02T06:38:53.938Z","ONGOING","TENNIS","Radwanska, Urszula To Win Exactly One Set","away-to-win-exactly-one-set","[]","OPEN","False","False"
"2041291e-6d1f-3fba-9b04-dd7bbd395f87","2024-05-02T06:00:00Z","2024-05-02T06:38:53.938Z","ONGOING","TENNIS","Radwanska, Urszula To Win Exactly Two Sets","away-to-win-exactly-two-sets","[]","OPEN","False","False"
"28144516-f246-3599-b23c-2e3f719e4b49","2024-05-02T06:00:00Z","2024-05-02T06:38:53.938Z","ONGOING","TENNIS","1st Set & Match Winner","double-result-first-set-match","[]","OPEN","False","False"
"670c425a-ea36-3fbd-b1f9-51c9fbe3a0dc","2024-05-02T06:00:00Z","2024-05-02T06:38:53.938Z","ONGOING","TENNIS","1st Set 6th Game 2nd Point Winner","exact-game-point-in-set","['1', '6', '2']","OPEN","True","False"
"832ce96c-fb7f-3c17-8c26-71444c0d8d4c","2024-05-02T06:00:00Z","2024-05-02T06:38:53.938Z","ONGOING","TENNIS","Game Spread","game-handicap","['8.5', '0']","OPEN","True","False"
"2d2551ae-d7c0-3c78-aed3-e14f15ed7a33","2024-05-02T06:00:00Z","2024-05-02T06:38:53.938Z","ONGOING","TENNIS","1st Set Game Spread ","game-handicap-in-set","['4.5', '0', '1']","OPEN","True","False"
"0d7529b4-541c-398c-9d2e-c9531f084a7d","2024-05-02T06:00:00Z","2024-05-02T06:38:53.938Z","ONGOING","TENNIS","1st Set 6th Game Winner","game-win","['1', '6']","OPEN","True","False"
"76b6ced0-d68f-3981-8ae9-9cc4767de66e","2024-05-02T06:00:00Z","2024-05-02T06:38:53.938Z","ONGOING","TENNIS","Total Games","games-more-less-than","['16.5']","OPEN","True","False"
"5c41b6ed-42b1-3417-bb4a-e396fb5f25f5","2024-05-02T06:00:00Z","2024-05-02T06:38:53.938Z","ONGOING","TENNIS","Set Spread ","handicap","['0', '1.5']","OPEN","False","False"
"7459976e-1f69-36d8-a0e0-67bbceada367","2024-05-02T06:00:00Z","2024-05-02T06:38:53.938Z","ONGOING","TENNIS","Set Spread ","handicap","['1.5', '0']","OPEN","True","False"
"234b0e97-f18c-3db4-af35-ed95834022b4","2024-05-02T06:00:00Z","2024-05-02T06:38:53.938Z","ONGOING","TENNIS","Zolotareva, Anastasia To Win A Set","home-to-win-a-set","[]","OPEN","False","False"
"c4524e1a-9721-3409-8d43-0ec8984a3fe1","2024-05-02T06:00:00Z","2024-05-02T06:38:53.938Z","ONGOING","TENNIS","Zolotareva, Anastasia To Win Exactly One Set","home-to-win-exactly-one-set","[]","OPEN","False","False"
"d9386343-f72f-3d2b-b61f-20c92121487a","2024-05-02T06:00:00Z","2024-05-02T06:38:53.938Z","ONGOING","TENNIS","Zolotareva, Anastasia To Win Exactly Two Sets","home-to-win-exactly-two-sets","[]","OPEN","False","False"
"e50987fe-3acf-39c3-9c73-295ad47b6c2d","2024-05-02T06:00:00Z","2024-05-02T06:38:53.938Z","ONGOING","TENNIS","Exact Number of Sets Played","number-of-points","['sr:exact_sets:bestof:3']","OPEN","False","False"
"ef6eb9e9-d2e6-3f09-8663-bf64f6c8ef68","2024-05-02T06:00:00Z","2024-05-02T06:38:53.938Z","ONGOING","TENNIS","Correct Set Score","point-bet-2sets","[]","OPEN","False","False"
"85e94596-10c8-35ea-a464-88a57e1cbd5d","2024-05-02T06:00:00Z","2024-05-02T06:38:53.938Z","ONGOING","TENNIS","Total Sets","points-more-less-than","['2.5']","OPEN","True","False"
"3023611d-4076-38b5-b91d-a4de269bc1a6","2024-05-02T06:00:00Z","2024-05-02T06:38:53.938Z","ONGOING","TENNIS","1st Set Total Games","section-games-more-less","['1', '6.5']","OPEN","True","False"
"c92870e3-7dbc-3458-b19f-1c7b548c2d17","2024-05-02T06:00:00Z","2024-05-02T06:38:53.938Z","ONGOING","TENNIS","1st Set Winner","section-win","['1']","OPEN","False","False"
"d7ed4e20-0400-367e-9800-9b1a11e2e77c","2024-05-02T06:00:00Z","2024-05-02T06:38:53.938Z","ONGOING","TENNIS","2nd Set Winner","section-win","['2']","OPEN","True","False"
"2de7a36e-9652-3431-9a56-ca492bb973a0","2024-05-02T06:00:00Z","2024-05-02T06:38:53.938Z","ONGOING","TENNIS","Moneyline","standard","[]","OPEN","True","False"
"25576eba-01a1-3f3b-b6c3-da577b0b4161","2024-05-02T06:00:00Z","2024-05-02T06:38:53.938Z","ONGOING","TENNIS","Zolotareva, Anastasia Total Games","team-points-more-less","['1', '4.5']","OPEN","True","False"
"2cbf7b7d-c3fe-36b0-9471-537a6ab24c59","2024-05-02T06:00:00Z","2024-05-02T06:38:53.938Z","ONGOING","TENNIS","Radwanska, Urszula Total Games","team-points-more-less","['2', '12.5']","OPEN","True","False"
"0b41c04a-44c2-395f-8319-e63338b3169b","2024-05-02T06:00:00Z","2024-05-02T06:38:53.938Z","ONGOING","TENNIS","Will There Be A Tie Break?","tie-break-in-match","[]","OPEN","False","False"
"b9dba6ca-8a13-3056-8bae-8eed78ee8396","2024-05-02T06:00:00Z","2024-05-02T06:38:53.938Z","ONGOING","TENNIS","Match Winner & Total Games ","winner-and-total","['16.5']","OPEN","False","False"
"b0299937-712c-3b4d-a83c-1a875702ec32","2024-05-02T06:00:00Z","2024-05-02T06:38:53.938Z","ONGOING","TENNIS","Will There Be A Tiebreak In The 1st Set?","xth-set-will-there-be-a-tiebreak","['1']","OPEN","False","False"
"ba8dac73-6232-3e35-8ce3-86beb22f0a90","2024-05-02T06:15:00Z","2024-05-02T06:39:53.664Z","ONGOING","TENNIS","Matuszewski P / Romios M To Win A Set","away-to-win-a-set","[]","OPEN","False","False"
"e6f9e827-0579-3732-841e-557ef9ec30eb","2024-05-02T06:15:00Z","2024-05-02T06:39:53.664Z","ONGOING","TENNIS","1st Set 5th Game 6th Point Winner","exact-game-point-in-set","['1', '5', '6']","OPEN","True","False"
"27a894a7-c18d-3707-8df9-5fb3c4240085","2024-05-02T06:15:00Z","2024-05-02T06:39:53.664Z","ONGOING","TENNIS","Game Spread","game-handicap","['1.5', '0']","BLOCKED","False","False"
"c8db4f3a-e30f-3ac7-9d09-768178c409f8","2024-05-02T06:15:00Z","2024-05-02T06:39:53.664Z","ONGOING","TENNIS","1st Set Game Spread ","game-handicap-in-set","['1.5', '0', '1']","BLOCKED","False","False"
"a92a0d9f-dc9e-3b1d-93ba-b60153379691","2024-05-02T06:15:00Z","2024-05-02T06:39:53.664Z","ONGOING","TENNIS","1st Set 5th Game Winner","game-win","['1', '5']","BLOCKED","False","False"
"60a68f32-e68a-3c83-a194-52b966bc5625","2024-05-02T06:15:00Z","2024-05-02T06:39:53.664Z","ONGOING","TENNIS","1st Set 6th Game Winner","game-win","['1', '6']","OPEN","True","False"
"679e07ba-8539-36a2-8524-f2544a1a0a25","2024-05-02T06:15:00Z","2024-05-02T06:39:53.664Z","ONGOING","TENNIS","Total Games","games-more-less-than","['21.5']","OPEN","True","False"
"15ce1637-4fbd-3dfb-854e-45ff6d5bf7be","2024-05-02T06:15:00Z","2024-05-02T06:39:53.664Z","ONGOING","TENNIS","Bertola R / Escoffier A To Win A Set","home-to-win-a-set","[]","BLOCKED","False","False"
"42f9d2d5-fa1a-3c98-b9aa-afd56dfdd49d","2024-05-02T06:15:00Z","2024-05-02T06:39:53.664Z","ONGOING","TENNIS","Total Sets","points-more-less-than","['2.5']","OPEN","True","False"
"a4a9c22b-5670-3a78-9a7c-5ed5b49b943e","2024-05-02T06:15:00Z","2024-05-02T06:39:53.664Z","ONGOING","TENNIS","1st Set Total Games","section-games-more-less","['1', '10.5']","BLOCKED","False","False"
"3485f7a3-1578-3075-8bb0-a72512ae9dfb","2024-05-02T06:15:00Z","2024-05-02T06:39:53.664Z","ONGOING","TENNIS","1st Set Winner","section-win","['1']","BLOCKED","False","False"
"6db58f55-d66d-36ad-9ae8-b36d2f27b5bf","2024-05-02T06:15:00Z","2024-05-02T06:39:53.664Z","ONGOING","TENNIS","2nd Set Winner","section-win","['2']","BLOCKED","True","False"
"b96fb5ad-304d-3cb5-85c6-1d6ab310ffcf","2024-05-02T06:15:00Z","2024-05-02T06:39:53.664Z","ONGOING","TENNIS","Moneyline","standard","[]","OPEN","True","False"
"a4e71b6b-25b0-344e-a416-f1431f063e00","2024-05-02T06:15:00Z","2024-05-02T06:39:53.664Z","ONGOING","TENNIS","2nd Set Correct Score","xth-set-correct-score","['2']","OPEN","False","False"
"b4bb880d-4aac-3a0e-a163-9de7fbd4704a","2024-05-02T06:25:00Z","2024-05-02T06:39:51.816Z","ONGOING","TENNIS","Saville L / Tu L To Win A Set","away-to-win-a-set","[]","OPEN","False","False"
"2b0acae8-6b0d-3147-9e50-1ab49a47f11d","2024-05-02T06:25:00Z","2024-05-02T06:39:51.816Z","ONGOING","TENNIS","1st Set 2nd Game 3rd Point Winner","exact-game-point-in-set","['1', '2', '3']","OPEN","True","False"
"6a761e3b-a5a7-3b52-a7f4-034bee50ddc2","2024-05-02T06:25:00Z","2024-05-02T06:39:51.816Z","ONGOING","TENNIS","1st Set 2nd Game 4th Point Winner","exact-game-point-in-set","['1', '2', '4']","OPEN","False","False"
"602f78aa-bafc-3ccf-8e4f-73ee910bd9d6","2024-05-02T06:25:00Z","2024-05-02T06:39:51.816Z","ONGOING","TENNIS","Game Spread","game-handicap","['0.5', '0']","OPEN","True","False"
"78f062ee-edfd-3426-846e-cec0f3e0eacb","2024-05-02T06:25:00Z","2024-05-02T06:39:51.816Z","ONGOING","TENNIS","1st Set Game Spread ","game-handicap-in-set","['1.5', '0', '1']","OPEN","True","False"
"edeff3ed-d171-3633-b2e5-7a8768ee4950","2024-05-02T06:25:00Z","2024-05-02T06:39:51.816Z","ONGOING","TENNIS","1st Set 2nd Game Winner","game-win","['1', '2']","OPEN","False","False"
"a958bfe0-6216-356c-8384-8065eeacca4f","2024-05-02T06:25:00Z","2024-05-02T06:39:51.816Z","ONGOING","TENNIS","1st Set 3rd Game Winner","game-win","['1', '3']","OPEN","True","False"
"6dca39b4-534d-3044-a8b2-09b8514ea77c","2024-05-02T06:25:00Z","2024-05-02T06:39:51.816Z","ONGOING","TENNIS","Total Games","games-more-less-than","['20.5']","OPEN","True","False"
"20cc3b52-0515-3c65-936c-cc9cea4220d7","2024-05-02T06:25:00Z","2024-05-02T06:39:51.816Z","ONGOING","TENNIS","Nam J / Niklas-Salminen P To Win A Set","home-to-win-a-set","[]","OPEN","False","False"
"91f62695-f9d4-3861-a58d-3abe5a7441fb","2024-05-02T06:25:00Z","2024-05-02T06:39:51.816Z","ONGOING","TENNIS","Total Sets","points-more-less-than","['2.5']","OPEN","True","False"
"1b3ac3c2-dd92-3df2-8259-d801dbc75a33","2024-05-02T06:25:00Z","2024-05-02T06:39:51.816Z","ONGOING","TENNIS","1st Set Total Games","section-games-more-less","['1', '9.5']","OPEN","True","False"
"8147fab1-d99d-3a58-b1d7-ccc6c8afd0be","2024-05-02T06:25:00Z","2024-05-02T06:39:51.816Z","ONGOING","TENNIS","1st Set Winner","section-win","['1']","OPEN","True","False"
"7116ef69-2783-33ff-81f2-1bfe3cfa8a0d","2024-05-02T06:25:00Z","2024-05-02T06:39:51.816Z","ONGOING","TENNIS","2nd Set Winner","section-win","['2']","BLOCKED","True","False"
"46c09032-6a4a-3ffc-ae87-3b29cae6b348","2024-05-02T06:25:00Z","2024-05-02T06:39:51.816Z","ONGOING","TENNIS","Moneyline","standard","[]","OPEN","True","False"
"51cf083d-3b90-3d9c-91b1-9a512cfe013d","2024-05-02T06:25:00Z","2024-05-02T06:39:51.816Z","ONGOING","TENNIS","2nd Set Correct Score","xth-set-correct-score","['2']","OPEN","False","False"
"46d0179a-954c-3f09-8ba7-fb82fef15703","2024-05-02T06:25:00Z","2024-05-02T06:39:53.533Z","ONGOING","TABLE_TENNIS","Total Points Spread","game-handicap","['9.5', '0']","OPEN","True","False"
"a1abc615-4c4a-3ef3-a91b-6bd81031626e","2024-05-02T06:25:00Z","2024-05-02T06:39:53.533Z","ONGOING","TABLE_TENNIS","2nd Set Spread","game-handicap-in-set","['2.5', '0', '2']","OPEN","True","False"
"4019f285-832b-3f0c-a702-40749b66d43a","2024-05-02T06:25:00Z","2024-05-02T06:39:53.533Z","ONGOING","TABLE_TENNIS","Total Points","games-more-less-than","['70.5']","OPEN","True","False"
"3e6f9982-6213-3132-a8e3-e55b7d172d66","2024-05-02T06:25:00Z","2024-05-02T06:39:53.533Z","ONGOING","TABLE_TENNIS","Correct Score","point-bet-3sets","[]","OPEN","False","False"
"84f23e0b-e0a9-3521-bd96-1afcc889b651","2024-05-02T06:25:00Z","2024-05-02T06:39:53.533Z","ONGOING","TABLE_TENNIS","2nd Set Total","section-games-more-less","['2', '18.5']","OPEN","True","False"
"bb8018d2-ec93-374d-b375-9f1c3a9d8e78","2024-05-02T06:25:00Z","2024-05-02T06:39:53.533Z","ONGOING","TABLE_TENNIS","2nd Set Winner","section-win","['2']","OPEN","True","False"
"a3d69f0a-a680-363f-9f47-b0a9659bc8a3","2024-05-02T06:25:00Z","2024-05-02T06:39:53.533Z","ONGOING","TABLE_TENNIS","Moneyline","standard","[]","OPEN","True","False"
"1b61a6fc-7934-3680-8980-f7713c8ca21e","2024-05-02T06:25:00Z","2024-05-02T06:39:53.533Z","ONGOING","TABLE_TENNIS","2nd Set Race To 8th Point","xth-game-race-to-xth-points","['2', '8']","OPEN","False","False"
"541cf112-6351-3408-960f-eb5960ef80d4","2024-05-02T06:25:00Z","2024-05-02T06:39:53.533Z","ONGOING","TABLE_TENNIS","2nd Set Race To 10th Point","xth-game-race-to-xth-points","['2', '10']","OPEN","True","False"
"973c1a56-9e59-364d-9a9d-8d0ec59cbafd","2024-05-02T06:25:00Z","2024-05-02T06:39:53.533Z","ONGOING","TABLE_TENNIS","2nd Set 3rd Point Winner","xth-game-xth-point","['2', '3']","OPEN","True","False"
"5af246b6-485a-3917-a158-e4eb78208878","2024-05-02T06:30:00Z","2024-05-02T06:39:43.376Z","ONGOING","TABLE_TENNIS","Total Points Spread","game-handicap","['10.5', '0']","OPEN","True","False"
"5ace2872-2785-3331-b6b6-0193e9229f61","2024-05-02T06:30:00Z","2024-05-02T06:39:43.376Z","ONGOING","TABLE_TENNIS","3rd Set Spread","game-handicap-in-set","['3.5', '0', '3']","OPEN","True","False"
"e3d667cc-2113-3919-97b0-286507a26b73","2024-05-02T06:30:00Z","2024-05-02T06:39:43.376Z","ONGOING","TABLE_TENNIS","Total Points","games-more-less-than","['78.5']","OPEN","True","False"
"1be0182e-a3ec-3da0-a9b9-232bc050a169","2024-05-02T06:30:00Z","2024-05-02T06:39:43.376Z","ONGOING","TABLE_TENNIS","Correct Score","point-bet-3sets","[]","OPEN","False","False"
"505efaec-4a5d-3165-be0f-7d0161592193","2024-05-02T06:30:00Z","2024-05-02T06:39:43.376Z","ONGOING","TABLE_TENNIS","3rd Set Total","section-games-more-less","['3', '17.5']","OPEN","True","False"
"9f1ce17b-5a6e-3c8b-a250-900b16144fbc","2024-05-02T06:30:00Z","2024-05-02T06:39:43.376Z","ONGOING","TABLE_TENNIS","3rd Set Winner","section-win","['3']","OPEN","True","False"
"7ad5ccc2-0296-3ae0-813f-2e5c46cfaade","2024-05-02T06:30:00Z","2024-05-02T06:39:43.376Z","ONGOING","TABLE_TENNIS","Moneyline","standard","[]","OPEN","True","False"
"34f7c86d-4892-36ff-889f-4ffcb5201878","2024-05-02T06:30:00Z","2024-05-02T06:39:43.376Z","ONGOING","TABLE_TENNIS","3rd Set Race To 8th Point","xth-game-race-to-xth-points","['3', '8']","OPEN","False","False"
"243f7983-e703-33e7-b348-45bc8dba4b54","2024-05-02T06:30:00Z","2024-05-02T06:39:43.376Z","ONGOING","TABLE_TENNIS","3rd Set Race To 10th Point","xth-game-race-to-xth-points","['3', '10']","OPEN","True","False"
"588c42e6-d12b-341e-afeb-06b4f1a047cd","2024-05-02T06:30:00Z","2024-05-02T06:39:43.376Z","ONGOING","TABLE_TENNIS","3rd Set 8th Point Winner","xth-game-xth-point","['3', '8']","OPEN","True","False"
"dbe9d858-19dc-3d5a-aa43-acb57964268b","2024-05-02T06:30:00Z","2024-05-02T06:39:42.016Z","ONGOING","TABLE_TENNIS","Total Points Spread","game-handicap","['9.5', '0']","OPEN","True","False"
"0aba09d0-d077-3343-880b-f017b090cbf7","2024-05-02T06:30:00Z","2024-05-02T06:39:42.016Z","ONGOING","TABLE_TENNIS","2nd Set Spread","game-handicap-in-set","['0', '3.5', '2']","OPEN","True","False"
"cc516015-8cb9-3d36-a3de-a67a9a8a6ac6","2024-05-02T06:30:00Z","2024-05-02T06:39:42.016Z","ONGOING","TABLE_TENNIS","Total Points","games-more-less-than","['72.5']","OPEN","True","False"
"8ad63d7a-7054-3471-94e7-96da2c61197c","2024-05-02T06:30:00Z","2024-05-02T06:39:42.016Z","ONGOING","TABLE_TENNIS","Correct Score","point-bet-3sets","[]","OPEN","False","False"
"f9ebb3bb-b512-3009-8fb8-07db3dc32076","2024-05-02T06:30:00Z","2024-05-02T06:39:42.016Z","ONGOING","TABLE_TENNIS","2nd Set Total","section-games-more-less","['2', '19.5']","OPEN","True","False"
"7f6cbb2a-3da2-36c6-8179-dc6236a8c80f","2024-05-02T06:30:00Z","2024-05-02T06:39:42.016Z","ONGOING","TABLE_TENNIS","Moneyline","standard","[]","OPEN","True","False"
"19324cbd-fc06-3394-ace4-77a5576a051b","2024-05-02T06:30:00Z","2024-05-02T06:39:42.016Z","ONGOING","TABLE_TENNIS","2nd Set 13th Point Winner","xth-game-xth-point","['2', '13']","OPEN","True","False"
"4b5a32c1-9a52-3863-9221-9e15e650500d","2024-05-02T06:30:00Z","2024-05-02T06:39:44.754Z","ONGOING","TABLE_TENNIS","Total Points Spread","game-handicap","['0', '6.5']","OPEN","True","False"
"74195297-4ed8-3ca2-b372-02808da24848","2024-05-02T06:30:00Z","2024-05-02T06:39:44.754Z","ONGOING","TABLE_TENNIS","3rd Set Spread","game-handicap-in-set","['2.5', '0', '3']","OPEN","True","False"
"f8fd7091-535a-3f25-a8f5-f12ed8e33077","2024-05-02T06:30:00Z","2024-05-02T06:39:44.754Z","ONGOING","TABLE_TENNIS","Total Points","games-more-less-than","['78.5']","OPEN","True","False"
"914c7bfc-fae3-3829-a4ca-45d7870cb925","2024-05-02T06:30:00Z","2024-05-02T06:39:44.754Z","ONGOING","TABLE_TENNIS","Correct Score","point-bet-3sets","[]","OPEN","False","False"
"1f519832-65c7-357d-b368-4ad829ddac1b","2024-05-02T06:30:00Z","2024-05-02T06:39:44.754Z","ONGOING","TABLE_TENNIS","3rd Set Total","section-games-more-less","['3', '18.5']","OPEN","True","False"
"a3eae391-7998-3c08-b4b9-9db7da762b33","2024-05-02T06:30:00Z","2024-05-02T06:39:44.754Z","ONGOING","TABLE_TENNIS","3rd Set Winner","section-win","['3']","OPEN","True","False"
"ee4ca1fc-b96f-35c4-8179-062e52ca35e8","2024-05-02T06:30:00Z","2024-05-02T06:39:44.754Z","ONGOING","TABLE_TENNIS","Moneyline","standard","[]","OPEN","True","False"
"84462226-bae1-3a31-a4f5-939c64445e81","2024-05-02T06:30:00Z","2024-05-02T06:39:44.754Z","ONGOING","TABLE_TENNIS","3rd Set Race To 8th Point","xth-game-race-to-xth-points","['3', '8']","OPEN","False","False"
"35ec61eb-85bd-3b30-9547-0b5c2175af15","2024-05-02T06:30:00Z","2024-05-02T06:39:44.754Z","ONGOING","TABLE_TENNIS","3rd Set Race To 10th Point","xth-game-race-to-xth-points","['3', '10']","OPEN","True","False"
"b6e3280b-10b9-30a6-8542-f0218ecea06b","2024-05-02T06:30:00Z","2024-05-02T06:39:44.754Z","ONGOING","TABLE_TENNIS","3rd Set 3rd Point Winner","xth-game-xth-point","['3', '3']","OPEN","True","False"
"90d5ae67-9e31-3a3d-9c54-65e93fcf290a","2024-05-02T06:30:00Z","2024-05-02T06:39:51.404Z","ONGOING","TABLE_TENNIS","Total Points Spread","game-handicap","['0', '0.5']","OPEN","True","False"
"144d0e24-e941-31f0-8e9b-705e75861ffe","2024-05-02T06:30:00Z","2024-05-02T06:39:51.404Z","ONGOING","TABLE_TENNIS","4th Set Spread","game-handicap-in-set","['0', '2.5', '4']","OPEN","True","False"
"00607290-330a-3f46-996c-5a369f2e08f7","2024-05-02T06:30:00Z","2024-05-02T06:39:51.404Z","ONGOING","TABLE_TENNIS","Total Points","games-more-less-than","['75.5']","OPEN","True","False"
"ff326a08-f310-313a-add2-c675ba97098a","2024-05-02T06:30:00Z","2024-05-02T06:39:51.404Z","ONGOING","TABLE_TENNIS","Correct Score","point-bet-3sets","[]","OPEN","False","False"
"40391295-31bd-3d30-bac1-e5fac68cca19","2024-05-02T06:30:00Z","2024-05-02T06:39:51.404Z","ONGOING","TABLE_TENNIS","4th Set Total","section-games-more-less","['4', '18.5']","OPEN","True","False"
"f81c642c-4090-3f81-ab9c-2443359797b9","2024-05-02T06:30:00Z","2024-05-02T06:39:51.404Z","ONGOING","TABLE_TENNIS","4th Set Winner","section-win","['4']","OPEN","True","False"
"2024d91d-1e26-3b24-8012-28fa6241eccd","2024-05-02T06:30:00Z","2024-05-02T06:39:51.404Z","ONGOING","TABLE_TENNIS","Moneyline","standard","[]","OPEN","True","False"
"b9a32bab-cf17-3d7e-ad60-7544617ddd24","2024-05-02T06:30:00Z","2024-05-02T06:39:51.404Z","ONGOING","TABLE_TENNIS","4th Set Race To 8th Point","xth-game-race-to-xth-points","['4', '8']","OPEN","False","False"
"0bce58d9-ddcc-3f73-8c5d-460529bf7c19","2024-05-02T06:30:00Z","2024-05-02T06:39:51.404Z","ONGOING","TABLE_TENNIS","4th Set Race To 10th Point","xth-game-race-to-xth-points","['4', '10']","OPEN","True","False"
"5fdaa347-77bf-331e-a1c1-092d66b69f9d","2024-05-02T06:30:00Z","2024-05-02T06:39:51.404Z","ONGOING","TABLE_TENNIS","4th Set 3rd Point Winner","xth-game-xth-point","['4', '3']","OPEN","True","False"
"a1b2b221-cef4-3b55-a024-c837a3890e27","2024-05-02T06:30:00Z","2024-05-02T06:39:41.628Z","ONGOING","TABLE_TENNIS","Total Points Spread","game-handicap","['0', '7.5']","OPEN","True","False"
"236f49f1-6454-3701-856f-0b4101eb969e","2024-05-02T06:30:00Z","2024-05-02T06:39:41.628Z","ONGOING","TABLE_TENNIS","Total Points","games-more-less-than","['72.5']","OPEN","True","False"
"26dae314-d977-37cc-aec7-fcd17da39a74","2024-05-02T06:30:00Z","2024-05-02T06:39:41.628Z","ONGOING","TABLE_TENNIS","Correct Score","point-bet-3sets","[]","OPEN","False","False"
"9159ed2c-3f70-3c2e-b7f9-f7e34d3c22cf","2024-05-02T06:30:00Z","2024-05-02T06:39:41.628Z","ONGOING","TABLE_TENNIS","1st Set Total","section-games-more-less","['1', '18.5']","OPEN","True","False"
"6e08b552-9bc5-3db8-9e6d-1a5632484fe5","2024-05-02T06:30:00Z","2024-05-02T06:39:41.628Z","ONGOING","TABLE_TENNIS","1st Set Winner","section-win","['1']","OPEN","True","False"
"e1de1555-3f5f-3a03-8420-a16fa0a22270","2024-05-02T06:30:00Z","2024-05-02T06:39:41.628Z","ONGOING","TABLE_TENNIS","Moneyline","standard","[]","OPEN","True","False"
"db68f4c1-161b-3241-910b-8f3518ecc627","2024-05-02T06:30:00Z","2024-05-02T06:39:41.628Z","ONGOING","TABLE_TENNIS","1st Set Race To 10th Point","xth-game-race-to-xth-points","['1', '10']","OPEN","True","False"
"f84e577b-405e-3624-8846-2f9d91c9f1f4","2024-05-02T06:30:00Z","2024-05-02T06:39:41.628Z","ONGOING","TABLE_TENNIS","1st Set 13th Point Winner","xth-game-xth-point","['1', '13']","OPEN","True","False"
