"id","name","isTraded","trueOdds","formatDecimal","formatAmerican","status"
"6e335a2f-80e1-3f74-87e3-b3281748020f","Li, Haotong","True","6.5","6.5","550","ONGOING"
"5ae98997-847c-3658-982d-f8bbb8046f84","Langasque, Romain","True","7.5","7.5","650","ONGOING"
"7ad4847d-93c2-36f9-8c72-3ae08fbbd81d","Soderberg, Sebastian","True","11.75","11.75","1075","ONGOING"
"d32cbec0-c028-3b10-93e1-5a40a6bfe80a","Migliozzi, Guido","True","17.75","17.75","1675","ONGOING"
"dda6f708-b59a-3f95-ab83-6dd2bf78de43","Guerrier, Julien","True","20.0","20.0","1900","ONGOING"
"a4db9952-591b-3ac1-a2ea-70532205bf63","Paul, Yannik","True","25.0","25.0","2400","ONGOING"
"ddb0b7ab-dd3b-38d1-b1a3-e6a90e8b517e","Armitage, Marcus","True","34.0","34.0","3300","ONGOING"
"e4d5e55a-4037-34de-8fbe-7d78d86efad6","Jarvis, Casey","True","36.0","36.0","3500","ONGOING"
"f1d6e316-5a16-30c0-97d5-5de4f0ee3d9b","Otaegui, Adrian","True","39.0","39.0","3800","ONGOING"
"b04e40b6-9a42-3a96-8695-1d719d33f9a2","Waring, Paul","True","39.0","39.0","3800","ONGOING"
"813be2b1-b9c8-377c-97a0-5d62ea48ed5d","Moeller, Niklas Noergaard","True","45.0","45.0","4400","ONGOING"
"7575c001-f7bd-3619-8f47-f00388890bc6","Girrbach, Joel","True","45.0","45.0","4400","ONGOING"
"96903234-c885-38af-9ca3-803987f2e6b1","Bairstow, Sam","True","45.0","45.0","4400","ONGOING"
"cea737af-af4f-3e21-b8c5-3c6545da25fe","Hillier, Daniel","True","45.0","45.0","4400","ONGOING"
"743c03fa-8d2f-39a8-8e9e-87d098974ac3","Lombard, Zander","True","50.0","50.0","4900","ONGOING"
"44d96d55-d3cc-365d-afc1-af2345fa8608","Ramsay, Richie","False","52.0","52.0","5100","ONGOING"
"341d7dc4-b0c1-3a47-afef-b37c228d573f","Apinbarnrat, Kiradej","True","56.0","56.0","5500","ONGOING"
"f8de4f28-c963-3690-b372-c1e501fab94e","Levy, Alexander","True","56.0","56.0","5500","ONGOING"
"9f0e4c85-dea8-3caf-bf2e-f91b104e693a","McKibbin, Tom","True","56.0","56.0","5500","ONGOING"
"24d8703f-145a-39a7-996f-95748cf019c7","Veerman, Johannes","True","56.0","56.0","5500","ONGOING"
"3b437fa5-0edd-3ffb-a8c6-9de1886f01a2","Smith, Jordan","True","68.0","68.0","6700","ONGOING"
"4196d2d5-5824-37f7-aacd-717e9c164669","Kruyswijk, Jacques","True","68.0","68.0","6700","ONGOING"
"65b42d27-7892-3749-8177-0ed6c6a06367","Sordet, Clement","True","68.0","68.0","6700","ONGOING"
"d733e29e-2bf5-3497-ab55-55ce262e174e","Svensson, Jesper","True","68.0","68.0","6700","ONGOING"
"af96637f-7c12-3c9a-8846-111c4c82922f","Green, Gavin Kyle","True","68.0","68.0","6700","ONGOING"
"b04e82de-1413-3390-bba8-9bab83fe129f","Schwab, Matthias","True","68.0","68.0","6700","ONGOING"
"acca691a-37e2-3795-b0f6-5e5a1466b09e","Rozner, Antoine","True","68.0","68.0","6700","ONGOING"
"99f61393-d5e0-3339-b5e4-9eae0cd93a77","Sullivan, Andy","True","68.0","68.0","6700","ONGOING"
"08a669ca-ac08-3eed-b6e1-aa279476c18d","Celli, Filippo","True","68.0","68.0","6700","ONGOING"
"59fe286a-e2ab-3b4e-b1e9-23ffcc9ac2e5","Schott, Freddy","True","68.0","68.0","6700","ONGOING"
"a0613976-d925-32a3-8344-a41b6f536d62","Del Rey, Alejandro","True","68.0","68.0","6700","ONGOING"
"734cc9a9-071a-3d75-94f5-dda013b2a2cf","Winther, Jeff","True","72.0","72.0","7100","ONGOING"
"b007b523-8912-37cb-9a5a-47a8caa338e0","Molinari, Edoardo","True","72.0","72.0","7100","ONGOING"
"99d2ce37-3dc7-3ff2-9666-2f79e85134ea","De Jager, Louis","True","72.0","72.0","7100","ONGOING"
"e1dd547c-0f85-3348-adb9-e53dcce37566","Kawamura, Masahiro","True","72.0","72.0","7100","ONGOING"
"ef3f35b0-1953-3f79-847c-eaaa0fa56af6","Hill, Callum","True","72.0","72.0","7100","ONGOING"
"1f7f187b-c098-3a2a-b5cd-fe09891d4deb","Southgate, Matthew","True","72.0","72.0","7100","ONGOING"
"5390ede2-f777-36f5-ae96-164303a4affb","Cockerill, Aaron","True","72.0","72.0","7100","ONGOING"
"a2c88620-032d-3ccc-801a-5fb04dbc3b09","Wiesberger, Bernd","True","72.0","72.0","7100","ONGOING"
"8aa6c320-d84e-3fa5-89f2-cd5acb6ea275","Helligkilde, Marcus","True","84.0","84.0","8300","ONGOING"
"385f3a5e-3f89-3b7c-9b6a-57dab10dd4b4","Luiten, Joost","True","84.0","84.0","8300","ONGOING"
"87f41bb1-5104-3a68-a0ff-4859d817b545","Sharma, Shubhankar","True","90.0","90.0","8900","ONGOING"
"54c1f54e-24ae-3b74-a4c4-0434fd755bc8","Law, David","True","100.0","100.0","9900","ONGOING"
"2d6032c2-e528-3db4-89c3-66f1ae9374eb","Jamieson, Scott","True","100.0","100.0","9900","ONGOING"
"e4d02e2b-7722-3492-8676-dc55e5dc14e7","Elvira, Nacho","True","100.0","100.0","9900","ONGOING"
"29e7f8a7-31c7-3307-bb71-3eed62ebc117","Bradbury, Daniel","True","105.0","105.0","10400","ONGOING"
"5cd8db51-f732-3b79-9f88-17c16ee070d2","Coussaud, Ugo","True","105.0","105.0","10400","ONGOING"
"daafb504-db61-3425-9df0-12c631a15054","Kieffer, Maximilian","False","120.0","120.0","11900","ONGOING"
"9eed5573-7924-3b32-9689-bb931acea2ba","Van Driel, Darius","True","125.0","125.0","12400","ONGOING"
"214f0d23-71ce-3455-ad4b-dd8103b418a6","Cantero Gutierrez, Ivan","True","125.0","125.0","12400","ONGOING"
"30ef22dd-026c-303c-8024-51a6fc5592df","Syme, Connor","True","125.0","125.0","12400","ONGOING"
"368f007c-28f3-3c18-90d2-e0b4fbc33094","Scrivener, Jason","True","125.0","125.0","12400","ONGOING"
"bd281cfc-1a81-38cf-bcf0-3c64007f26e7","Ko, Jeong Weon","True","125.0","125.0","12400","ONGOING"
"15c691e1-fb1a-30d8-85a9-b25ac2eed0b1","Laporta, Francesco","True","125.0","125.0","12400","ONGOING"
"973bd804-6560-3c4b-b74f-bfd079f31a2c","Stone, Brandon","True","125.0","125.0","12400","ONGOING"
"92b38143-dbbd-3f45-89f1-bceb34c79d4e","Jordan, Matthew","True","125.0","125.0","12400","ONGOING"
"54ca50f9-4a51-3a33-bf6b-c29fc7b19781","Forrest, Grant","True","125.0","125.0","12400","ONGOING"
"d2e360e5-6c93-3787-8f14-6a923b189350","Larrazabal, Pablo","True","125.0","125.0","12400","ONGOING"
"3f6f7d70-f751-3510-8092-d5eca4ed3cd6","Morrison, James","True","125.0","125.0","12400","ONGOING"
"b403777c-0b58-3cf8-aaa3-2a3865278889","Baldwin, Matthew","False","165.0","165.0","16400","ONGOING"
"1c2ce0d6-3dc3-308a-964d-e87538be8ece","Lorenzo-Vera, Michael","True","170.0","170.0","16900","ONGOING"
"2e902db3-c02d-3b6f-9756-47556848b0a2","Wang Jeung-hun","True","170.0","170.0","16900","ONGOING"
"8e10abed-a699-3c39-a16b-d6aa0d02e747","Kodaira, Satoshi","True","180.0","180.0","17900","ONGOING"
"b4b404ec-993a-313d-93c2-10d5778cd5f8","Elvira, Manuel","True","180.0","180.0","17900","ONGOING"
"f3ae4c68-f30b-39c3-b0e7-f55e69e1ffb6","Vaillant, Tom","True","180.0","180.0","17900","ONGOING"
"44ea8a11-b41c-3412-8e03-79370f234931","Suwannarut, Sarit","True","180.0","180.0","17900","ONGOING"
"2553aceb-560b-33c3-bdc9-7e63973a47e3","Paratore, Renato","False","185.0","185.0","18400","ONGOING"
"c8c9826d-64ed-3d61-9854-ee6055ae3408","Kho, Taichi","False","195.0","195.0","19400","ONGOING"
"7ba679f0-25ee-32e2-973e-8b7ba7b6aa2a","Wu, Ashun","True","210.0","210.0","20900","ONGOING"
"e2ab2dc7-e624-3b1e-bb20-2dadde19d06d","Saddier, Adrien","False","210.0","210.0","20900","ONGOING"
"0e8a8c36-05db-3007-952f-c0bbc8638495","Scalise, Lorenzo","True","250.0","250.0","24900","ONGOING"
"69e8c498-1389-3392-af46-445bd028a70c","Long, Hurly","True","250.0","250.0","24900","ONGOING"
"66ee91be-2d61-3ec2-ab16-2bb632ef509e","Hidalgo, Angel","True","250.0","250.0","24900","ONGOING"
"177e9b45-ced2-3950-8585-bcf5ff05db98","Cabrera-Bello, Rafael","True","250.0","250.0","24900","ONGOING"
"558aba28-5a1b-3999-ac31-a18b6ca265dc","Dantorp, Jens","False","260.0","260.0","25900","ONGOING"
"ad41db5f-ee85-3e36-91b7-54bb1e949b14","Zhou, Yanhan","False","270.0","270.0","26900","ONGOING"
"71a8985f-0569-3752-afef-7243010b0716","Nemecz, Lukas","False","270.0","270.0","26900","ONGOING"
"6c60fd87-5674-317e-95ee-0d05e8c02dff","Chen, Guxin","True","280.0","280.0","27900","ONGOING"
"ee478337-9e2a-3b93-8958-5089fc747ace","Brixi, Gordan","True","310.0","310.0","30900","ONGOING"
"00537868-1ed9-3ec4-96b6-d3edf6edf0b4","Manassero, Matteo","False","320.0","320.0","31900","ONGOING"
"4d5d4002-742c-30f3-9cb3-1477c89b643c","Colsaerts, Nicolas","False","320.0","320.0","31900","ONGOING"
"946f0872-541a-3cb5-8de2-7c79a5b182f3","Fisher, Ross","True","340.0","340.0","33900","ONGOING"
"acffbd08-5e46-391c-a979-915019fd2680","Besard, Matthis","True","340.0","340.0","33900","ONGOING"
"07a7326d-f37c-3927-b393-5709b0e6add3","Pavan, Andrea","True","340.0","340.0","33900","ONGOING"
"fd10654f-426d-3652-8248-79689553625c","Arnaus, Adri","True","340.0","340.0","33900","ONGOING"
"4825d0a3-925f-31fe-a299-b354f9f592fc","Enefer, William","True","340.0","340.0","33900","ONGOING"
"7deeff0f-e057-3f4b-b520-63848445243e","Zanotti, Fabrizio","True","340.0","340.0","33900","ONGOING"
"6b89d13d-0df3-3040-a932-bc58d1425815","Frittelli, Dylan","True","480.0","480.0","47900","ONGOING"
"56671d2d-7db3-3496-ae46-904ce43f87e7","Jefferson Go, Lloyd","True","530.0","530.0","52900","ONGOING"
"12c43afe-1a02-32d3-970d-40181eae9f26","Lacroix, Frederic","True","530.0","530.0","52900","ONGOING"
"8cb5d309-aca3-36b7-9ea0-fe3ee507a267","Kinhult, Marcus","True","530.0","530.0","52900","ONGOING"
"cf6dfe6b-23f7-3f3c-8d70-71bcd1684a2d","Tarrio, Santiago","True","530.0","530.0","52900","ONGOING"
"1e1826c7-2898-33fe-9190-fd97fa4dbe15","Gallacher, Stephen","False","590.0","590.0","58900","ONGOING"
"defc029b-010a-3215-9354-07942a2127cb","Fang, Zeqian","False","590.0","590.0","58900","ONGOING"
"9440fbe4-9ca9-3f59-9e54-958c0c3d68bb","Li, Linqiang","False","590.0","590.0","58900","ONGOING"
"ca03fea9-5040-32ca-a941-38ed316811c4","Chouhan, Om Prakash","False","630.0","630.0","62900","ONGOING"
"5690230f-2e61-3e1e-8c12-3f0b08c5f52c","Bai, Zheng-Kai","False","630.0","630.0","62900","ONGOING"
"e2dc882b-7a03-3ef3-8d1b-134e70c79165","Penge, Marco","False","680.0","680.0","67900","ONGOING"
"678a7602-3adc-3cc6-b83f-95a9d0406cb2","Zhou, Ziqin","False","710.0","710.0","70900","ONGOING"
"fc564031-b64b-3aae-a900-ea72409b967e","Brun, Julien","False","730.0","730.0","72900","ONGOING"
"59d6f294-c748-35c6-b00d-78ca3d1f222d","Strydom, Ockie","True","780.0","780.0","77900","ONGOING"
"0c0d5eb8-c40e-338c-bd13-966a1c370364","Hanna, Chase","True","780.0","780.0","77900","ONGOING"
"abe46e33-0204-3ea8-80db-9ad619aa1589","Gouveia, Ricardo","True","780.0","780.0","77900","ONGOING"
"4f4158f0-535e-37ec-9a5b-42fbfcb946a5","Kjeldsen, Soren","True","780.0","780.0","77900","ONGOING"
"b0b422e7-41a6-33ab-926a-c0e6e1c1c14c","Friedrichsen, Sebastian","False","830.0","830.0","82900","ONGOING"
"8643277c-649d-315f-a2ac-7306b0d8a766","Luo, Xue-Wen","False","1000.0","1000.0","99900","ONGOING"
"8fa38af5-9920-313a-9a0e-8315dd7123d3","Blixt, Jonas","False","1000.0","1000.0","99900","ONGOING"
"22d9bbd6-fa56-30b5-8a5e-c49af3717783","Cao, Senshou","False","1000.0","1000.0","99900","ONGOING"
"ee265174-8650-3f5e-99db-caf8c9e2a616","Jian, Chuan-Lin","False","1000.0","1000.0","99900","ONGOING"
"d6dcc050-a5ef-3d86-836e-6b54ac84a75e","Jin, Daxing","False","1000.0","1000.0","99900","ONGOING"
"49300472-6e2f-3cf2-97be-0fc93626aea6","Shao, Minghao","False","1000.0","1000.0","99900","ONGOING"
"2d1c6fd5-0cf7-3f8d-b929-d98dc1f9e84b","Huang, Zijie","False","1000.0","1000.0","99900","ONGOING"
"2de8482f-5142-3f22-b761-447e1406fa3e","Huang, Wen-Yi","False","1000.0","1000.0","99900","ONGOING"
"782f2773-b069-3301-b1ee-e12b814225c2","Shen, Nan-Nan","False","1000.0","1000.0","99900","ONGOING"
"bd5c1a9f-4422-38dc-b07a-9c2270f594c0","She, Zi-Han","False","1000.0","1000.0","99900","ONGOING"
"2a0de91b-d21c-33aa-be9f-94cd9ba492be","Lin, Kuan-Po","False","1000.0","1000.0","99900","ONGOING"
"f36488a9-6055-366a-94ec-4a4cafea74d1","Ye, Jian-Feng","False","1000.0","1000.0","99900","ONGOING"
"af93a968-c6c7-339e-b9f5-b9dd7638e310","Ting, Lawrence","False","1000.0","1000.0","99900","ONGOING"
"820f5a65-3a4b-372d-8eba-6930cad1aa84","Bai, Zheng-Kai ","True","4.5","4.5","350","ONGOING"
"6da8fb39-00d1-30d3-9bae-dd6867d9f258","Tie","True","1.649350649","1.64","-154","ONGOING"
"faf89446-ee2d-3ebb-bf20-06b4bcb43198","De Jager, Louis","True","3.7","3.7","270","ONGOING"
"7005471a-d781-3c6c-9134-51bde95db008","Bai, Zheng-Kai ","True","4.85","4.85","385","ONGOING"
"76ebd2c4-cfb8-3eab-add3-eb009c6bb6b1","Tie","True","1.649350649","1.64","-154","ONGOING"
"8cb97eda-9676-3601-9daa-0ff89d1e16f2","Wiesberger, Bernd","True","3.5","3.5","250","ONGOING"
"4b8599ac-4d0d-3e5d-989b-5e097325cafe","Wiesberger, Bernd ","True","3.9","3.9","290","ONGOING"
"c500ecbb-51f8-3533-8529-c7acf876e776","Tie","True","1.598802395","1.59","-167","ONGOING"
"d6aed734-54fa-336e-a4d9-dc5fdb3861d0","De Jager, Louis","True","4.4","4.4","340","ONGOING"
"6704d8ab-84f1-3308-9275-e4929c904593","Bai, Zheng-Kai","True","2.95","2.95","195","ONGOING"
"15349513-dec2-3edd-aa8e-dda1ffee70ce","Wiesberger, Bernd","True","2.55","2.55","155","ONGOING"
"e5dd40fc-00d8-3cfd-821e-f6de5c95df30","De Jager, Louis","True","2.7","2.7","170","ONGOING"
"f13ac23c-5abc-3553-8a77-1f0adf5f89b2"," Bai, Zheng-Kai ","True","3.45","3.45","245","ONGOING"
"1cd029dc-8962-39fe-af10-cadd2b797629","Tie","True","2.3","2.3","130","ONGOING"
"42fab0ee-3e20-3418-ac00-c7eebdf660e4"," De Jager, Louis ","True","2.7","2.7","170","ONGOING"
"4de9ebcf-b3c5-38a0-8048-6cf1d571c364"," Bai, Zheng-Kai ","True","3.75","3.75","275","ONGOING"
"d3a561a6-3b21-30b7-a712-885d3c8d62f9","Tie","True","2.3","2.3","130","ONGOING"
"b1bda6c3-3881-3c8c-9f1a-82b11729c750"," Wiesberger, Bernd ","True","2.5","2.5","150","ONGOING"
"9fbfd07d-fe63-3fad-96bd-63e8fff2bf00"," Wiesberger, Bernd ","True","2.75","2.75","175","ONGOING"
"d5267b5b-e37d-3c24-99fe-04c90207f9a4","Tie","True","2.35","2.35","135","ONGOING"
"29afd924-2b8f-3227-b51e-8f0ac31eaf51"," De Jager, Louis ","True","3.25","3.25","225","ONGOING"
"50580609-da7c-32b5-a189-486749f8c93b"," Bai, Zheng-Kai ","True","3.4","3.4","240","ONGOING"
"9cdbffe0-0189-3910-9b2f-3578ed96fddf","Tie","True","1.699300699","1.69","-143","ONGOING"
"77b296f9-765a-3a91-862d-9bce9eccaa01"," De Jager, Louis ","True","4.55","4.55","355","ONGOING"
"6dd6064c-d301-385c-8b91-0f9002f57fae"," Bai, Zheng-Kai ","True","3.25","3.25","225","ONGOING"
"fb86445d-33f6-3ca1-9710-3caac03f1428","Tie","True","1.649350649","1.64","-154","ONGOING"
"0d945e47-7c18-3580-a6d7-fc0f744aed78"," Wiesberger, Bernd ","True","5.25","5.25","425","ONGOING"
"c403aadc-e82c-3c10-8e90-e369bc7b7c5a"," Wiesberger, Bernd ","True","4.8","4.8","380","ONGOING"
"285e5634-8e5a-329f-9a21-a2de36f4854d","Tie","True","1.549450549","1.54","-182","ONGOING"
"fb0c658e-1561-3d67-a891-1d7c312b245b"," De Jager, Louis ","True","4.0","4.0","300","ONGOING"
"1a546f0a-039d-384e-8600-9ec222d629ec"," Bai, Zheng-Kai ","True","2.65","2.65","165","ONGOING"
"5d90d2aa-d00a-3e72-8da5-cea5dca5d343","Tie","True","2.65","2.65","165","ONGOING"
"4a85598c-d81f-3a6a-a164-72bc5eba9ab2"," De Jager, Louis ","True","2.9","2.9","190","ONGOING"
"02466419-ddb4-3497-b952-264b29d01672"," Bai, Zheng-Kai ","True","2.55","2.55","155","ONGOING"
"f08812df-81cc-3bd6-b5c3-7027519beed6","Tie","True","2.65","2.65","165","ONGOING"
"e847bfac-72c6-31ff-9a5d-8edaad291919"," Wiesberger, Bernd ","True","3.0","3.0","200","ONGOING"
"ea73118c-f6bb-3f98-9a5f-0368eb660534"," Wiesberger, Bernd ","True","2.9","2.9","190","ONGOING"
"86bc07dc-a34f-33ec-8c10-81e32d70b951","Tie","True","2.6","2.6","160","ONGOING"
"9a8229d8-e50d-39c3-bdef-b1d2070473f5"," De Jager, Louis ","True","2.7","2.7","170","ONGOING"
"c1de0bfe-ca32-3737-8353-c2e00be52455","Bai, Zheng-Kai","True","3.5","3.5","250","ONGOING"
"0b3aa8c8-aa31-365c-b705-affc02281657","Wiesberger, Bernd","True","2.25","2.25","125","ONGOING"
"40306cc4-f2bb-373a-aadf-7fd3af4fc999","De Jager, Louis","True","2.65","2.65","165","ONGOING"
"f25841ca-3f86-3594-a63c-3d357a8e6af4","Bai, Zheng-Kai","True","3.2","3.2","220","ONGOING"
"ff18388a-1e6d-3336-becb-58fefa04549a","Wiesberger, Bernd","True","2.4","2.4","140","ONGOING"
"4a4fa581-c4cb-3d28-97e0-c84d0526fd66","De Jager, Louis","True","2.7","2.7","170","ONGOING"
"08ac70e5-ffd5-3258-b74b-849205771cf3","Bai, Zheng-Kai","True","2.55","2.55","155","ONGOING"
"9ecad88e-4e27-3e47-bbdb-4ceeb951479b","Wiesberger, Bernd","True","2.9","2.9","190","ONGOING"
"b669dd31-6d9e-3270-84b4-8b1053f5ff9c","De Jager, Louis","True","2.75","2.75","175","ONGOING"
"a9b612d0-efb7-30a4-9465-b0bf639e1005","Lombard, Zander ","True","3.55","3.55","255","ONGOING"
"1504ea45-b549-3220-927a-162e6c070dc7","Tie","True","1.952380952","1.95","-105","ONGOING"
"9cebe419-d95c-3966-8198-1d2ef1ea7100","Soderberg, Sebastian","True","3.25","3.25","225","ONGOING"
"195e5341-2d62-37a5-b371-c0cf0a3a01c5","Lombard, Zander ","True","3.25","3.25","225","ONGOING"
"88b5a9c4-fa7c-36ef-9e56-38d9492d26d5","Tie","True","1.952380952","1.95","-105","ONGOING"
"37853820-b57e-37aa-bbd0-d6af23e27ae6","Wu, Ashun","True","3.55","3.55","255","ONGOING"
"ba5b379e-be7c-3d5f-965e-ebc407c03688","Wu, Ashun ","True","3.7","3.7","270","ONGOING"
"8420656c-9163-3322-af5c-e76cb4c79026","Tie","True","1.952380952","1.95","-105","ONGOING"
"e22d8745-0cd1-3df8-94e4-b8fbe6da1582","Soderberg, Sebastian","True","3.15","3.15","215","ONGOING"
"e5e00d8f-dfed-379c-85f4-5a4932df7da6","Lombard, Zander","True","2.75","2.75","175","ONGOING"
"a827cce6-56df-3cee-a73c-74b13e8eedfa","Wu, Ashun","True","2.85","2.85","185","ONGOING"
"6ea6dae5-ba90-3af3-8584-b05f0d54161b","Soderberg, Sebastian","True","2.6","2.6","160","ONGOING"
"fdc0479c-f10a-3a48-95d2-fc31d2e2aa8a"," Lombard, Zander ","True","3.15","3.15","215","ONGOING"
"f1502497-8c2c-3e9d-8724-ba49a461c560","Tie","True","2.3","2.3","130","ONGOING"
"2e81eb94-bf95-385d-980e-23d34abb2802"," Soderberg, Sebastian ","True","2.85","2.85","185","ONGOING"
"22c142a8-7917-356e-b176-843517552273"," Lombard, Zander ","True","2.9","2.9","190","ONGOING"
"ba787f84-c79c-3d49-b3d1-0f22f8e341f9","Tie","True","2.3","2.3","130","ONGOING"
"4f998160-ac6f-3120-925b-f7416c2ca617"," Wu, Ashun ","True","3.2","3.2","220","ONGOING"
"557c05e5-dc31-3a2d-ae0e-68317f6cd347"," Wu, Ashun ","True","3.35","3.35","235","ONGOING"
"fcdc9697-3e48-3874-842f-434ce3cfcd0f","Tie","True","2.3","2.3","130","ONGOING"
"f26e0b51-f85a-31e1-99c9-779f6858dad8"," Soderberg, Sebastian ","True","2.75","2.75","175","ONGOING"
"36e4f4cb-0620-33f4-a525-694958d42440"," Lombard, Zander ","True","3.95","3.95","295","ONGOING"
"aef33030-39da-338d-9a92-ab5a3460e399","Tie","True","1.598802395","1.59","-167","ONGOING"
"58f955d3-224a-37c3-8c85-2e284c7bf650"," Soderberg, Sebastian ","True","4.5","4.5","350","ONGOING"
"0593be34-2b26-34b7-82bf-7a8086657d78"," Lombard, Zander ","True","4.25","4.25","325","ONGOING"
"aa9a8dee-5d13-379d-abac-4a22bf85ce49","Tie","True","1.649350649","1.64","-154","ONGOING"
"b33d0bd3-9efd-3f9d-aa82-11bb65003dbf"," Wu, Ashun ","True","3.8","3.8","280","ONGOING"
"c0001ab8-e160-3cd9-961e-f957cf8e52dc"," Wu, Ashun ","True","3.65","3.65","265","ONGOING"
"da4b7c0d-1fd9-3a86-ba58-aa32a05597a9","Tie","True","1.649350649","1.64","-154","ONGOING"
"8c1b4777-4ca8-3d75-bc3d-1795f94cca96"," Soderberg, Sebastian ","True","4.65","4.65","365","ONGOING"
"0aa37106-d6f7-33f7-bb49-e752ee15ca1f"," Lombard, Zander ","True","2.7","2.7","170","ONGOING"
"b037fc71-8636-3692-8411-32f62172429d","Tie","True","2.65","2.65","165","ONGOING"
"ea8266d3-4561-35b2-8ac5-0bc313bc3fa8"," Soderberg, Sebastian ","True","2.85","2.85","185","ONGOING"
"caed2bfc-7b7a-304e-93e2-1f1334f7bef0"," Lombard, Zander ","True","2.8","2.8","180","ONGOING"
"b6e83ff8-436e-32c6-bbc4-270ef575face","Tie","True","2.65","2.65","165","ONGOING"
"f6e6de5a-9f70-365e-8c51-e46793f60195"," Wu, Ashun ","True","2.7","2.7","170","ONGOING"
"f0bb7746-97c0-3609-8c5f-c36962ac0f38"," Wu, Ashun ","True","2.65","2.65","165","ONGOING"
"e9973fa3-fff9-3327-adfa-fb2aef42e87b","Tie","True","2.65","2.65","165","ONGOING"
"1a3af0d4-7085-3b9c-adb1-6e4a8d6ab4d5"," Soderberg, Sebastian ","True","2.9","2.9","190","ONGOING"
"862c7f34-2c77-3d55-a57b-98c975fdc11e","Lombard, Zander","True","2.75","2.75","175","ONGOING"
"fd2eb6b0-9b44-3cc4-b198-958c07031033","Wu, Ashun","True","3.05","3.05","205","ONGOING"
"e16d60f7-f382-3901-a77b-3bb00a4f10ef","Soderberg, Sebastian","True","2.45","2.45","145","ONGOING"
"5667f544-5557-3e72-b2ed-ebc1a5bc78e8","Lombard, Zander","True","2.75","2.75","175","ONGOING"
"241304ac-ca3f-38b6-aa67-8fcd64e35b23","Wu, Ashun","True","2.95","2.95","195","ONGOING"
"9f65ce28-0831-398c-9a6c-fd9042b7d816","Soderberg, Sebastian","True","2.55","2.55","155","ONGOING"
"93294fa5-c289-329d-bc93-8073eeee44f7","Lombard, Zander","True","2.7","2.7","170","ONGOING"
"53c132a2-6455-3f9f-bc65-7f143c591f06","Wu, Ashun","True","2.65","2.65","165","ONGOING"
"bcc3dd08-9318-3c49-a16a-4bb7b54a16d1","Soderberg, Sebastian","True","2.85","2.85","185","ONGOING"
"6e86ade2-3aa7-3cb5-8c38-00826ecd50aa","Yes","True","2.8","2.8","180","ONGOING"
"4c00fe63-b98d-39dc-a562-dc0d7a436073","No","True","1.37037037","1.37","-270","ONGOING"
"cc246375-5a73-39ed-8420-e382a99d8662","Yes","True","1.37037037","1.37","-270","ONGOING"
"ee6aea51-23e5-37f7-b13c-d144b6f17d08","No","True","2.8","2.8","180","ONGOING"
"63532730-5d8a-309f-872c-08f65ebdd8ce","Hontama, Mai +2.5","True","2.6","2.6","160","ONGOING"
"7e84c7ea-b50a-36b7-b04c-12e4a3fbf481","Kaji, Haruka -2.5","True","1.434782608","1.43","-230","ONGOING"
"099776cf-cd51-3524-a3ef-bca4c8ebd911","Hontama, Mai -1.5","True","3.6","3.6","260","ONGOING"
"f461e10c-0194-318f-9a00-53bcbce3f64f","Kaji, Haruka +1.5","True","1.238095238","1.23","-420","ONGOING"
"82d32379-05ec-3f2e-96c3-b5637df0ff9f","Over 23.5","True","2.1","2.1","110","ONGOING"
"9e1e38ce-0877-3c15-8f95-32aefa9642e4","Under 23.5","True","1.649350649","1.64","-154","ONGOING"
"a367137c-8c65-3190-9bda-afe83561e66f","Hontama, Mai +1.5","True","2.07","2.07","107","ONGOING"
"a3d7827a-4618-3ab8-badb-4c508ba756d5","Kaji, Haruka -1.5","True","1.64516129","1.64","-155","ONGOING"
"10018a2d-7324-3a9e-bfa1-692a2650359e","Yes","True","2.07","2.07","107","ONGOING"
"90ae6110-11e0-3752-9702-d6be729f46fb","No","True","1.64516129","1.64","-155","ONGOING"
"64bdc6e5-a403-34d9-8c91-64fbb412a3a4","Yes","True","5.6","5.6","460","ONGOING"
"da49a6dd-6e76-324d-993f-eb3445a56f7e","No","True","1.1","1.1","-1000","ONGOING"
"99e46e58-b4c2-31bb-aa8f-5a92126c6c7a","Yes","True","2.8","2.8","180","ONGOING"
"24f7b094-44df-3683-9d9a-846723053432","No","True","1.37037037","1.37","-270","ONGOING"
"ab98cae9-6848-3b7f-8b28-31788c93e0f7","Hontama, Mai 2-1 Kaji, Haruka ","True","2.8","2.8","180","ONGOING"
"6b613f72-0130-3ce5-a42a-bd8eaa4e789b","Hontama, Mai 1-2 Kaji, Haruka ","True","6.5","6.5","550","ONGOING"
"f9c88aec-1839-3065-b059-00c968b76bde","Hontama, Mai 0-2 Kaji, Haruka ","True","1.598802395","1.59","-167","ONGOING"
"45a20679-0c57-3bf3-adcb-9dc7dfa9a9ce","Over 2.5","True","2.1","2.1","110","ONGOING"
"2d3cd812-239c-3577-b098-333a5cab81b4","Under 2.5","True","1.666666666","1.66","-150","ONGOING"
"3315e68f-865b-3bd7-8fcd-aaf65f93ac23","Over 12.5","True","2.5","2.5","150","ONGOING"
"21526d8c-cb8a-33e1-a874-295299dc94b4","Under 12.5","True","1.434782608","1.43","-230","ONGOING"
"0bc47bbf-efa6-34e5-9037-a09ddcac3c50","Hontama, Mai","True","2.05","2.05","105","ONGOING"
"58f6fba0-ea5f-3009-92b9-0a41bd9a90eb","Kaji, Haruka","True","1.649350649","1.64","-154","ONGOING"
"1a716b52-1e05-3201-8592-8cdb017a2247","Hontama, Mai","True","2.75","2.75","175","ONGOING"
"8f57b2c3-4dba-3338-8f55-b94ba05c8341","Kaji, Haruka","True","1.349650349","1.34","-286","ONGOING"
"5fb8d2c0-8c45-3429-ad79-c426f72ccbba","Over 10.5","True","2.07","2.07","107","ONGOING"
"d94dc4e3-b749-3583-9d8c-4fde1ef31a11","Under 10.5","True","1.64516129","1.64","-155","ONGOING"
"d0b91fa1-ef9b-3b45-a2a5-091b81c63ec7","Over 13.5","True","2.7","2.7","170","ONGOING"
"c87f6a78-e9e1-34ea-83c5-031d2789f714","Under 13.5","True","1.384615384","1.38","-260","ONGOING"
"c6036f17-173b-313e-b3fa-6a672922770c","Yes","True","2.4","2.4","140","ONGOING"
"da9955bd-985d-3f35-b1ea-ebe704b6603a","No","True","1.487804878","1.48","-205","ONGOING"
"51ae8c36-5c59-3d14-9fc0-b19b9eee30b0","Hontama, Mai & Over 27.5","True","2.8","2.8","180","ONGOING"
"a80157ec-f0c4-32c7-b654-4d45efb21840","Kaji, Haruka & Over 27.5","True","6.5","6.5","550","ONGOING"
"91de901c-927f-3147-beff-9886469f7048","Kaji, Haruka & Under 27.5","True","1.598802395","1.59","-167","ONGOING"
"6149441d-c053-3f87-8ef4-e78cc1e5f744","Yes","True","2.5","2.5","150","ONGOING"
"de06e290-b7ae-32ce-9136-f0b46daf6801","No","True","1.454545454","1.45","-220","ONGOING"
"f62adb54-8915-3dd9-86fd-c1dc1dd5825c","Holt, Brandon -2.5","True","2.22","2.22","122","ONGOING"
"6783a73e-3e90-3f21-aea0-192eefec15b6","Hsu, Yu Hsiou +2.5","True","1.64516129","1.64","-155","ONGOING"
"d99cbaf8-fbfc-332d-bbe3-0d29d302ff91","Holt, Brandon +7.5","True","2.5","2.5","150","ONGOING"
"bee08882-ede3-3af6-a65a-daf3226aef93","Hsu, Yu Hsiou -7.5","True","1.454545454","1.45","-220","ONGOING"
"b952ac68-117a-31f4-b8d9-40584314f3ae","Holt, Brandon -0.5","True","1.854700854","1.85","-117","ONGOING"
"e2ca9356-3560-336f-a564-1d0e60027114","Hsu, Yu Hsiou +0.5","True","1.884955752","1.88","-113","ONGOING"
"c02670f9-306f-3f52-b70c-dafae1239f25","Holt, Brandon +4.5","True","2.4","2.4","140","ONGOING"
"c31c3a1b-92da-336f-b26e-6696f64e0d21","Hsu, Yu Hsiou -4.5","True","1.454545454","1.45","-220","ONGOING"
"60cbe41e-b31c-34cc-9f30-84f89d2111b9","Holt, Brandon","True","4.2","4.2","320","ONGOING"
"151d29b1-93a8-33b6-b602-41a70b48c15d","Hsu, Yu Hsiou","True","1.181818181","1.18","-550","ONGOING"
"0c8850cb-c167-3605-b2db-2e5b1455f25e","Holt, Brandon","True","4.0","4.0","300","ONGOING"
"bad012e4-5ad0-3a44-95f4-8a6715884c71","Hsu, Yu Hsiou","True","1.2","1.2","-500","ONGOING"
"03c4c28a-a63b-340a-a687-acdd1f8320f8","Over 16.5","True","2.4","2.4","140","ONGOING"
"f3c51fe4-f5ca-320b-94ef-9221400a323e","Under 16.5","True","1.454545454","1.45","-220","ONGOING"
"bc7005e6-844b-331a-89ee-9f5a3e18d7ea","Over 20.5","True","1.588235294","1.58","-170","ONGOING"
"c28c22c9-a931-3d29-bd30-e8690723d5c8","Under 20.5","True","2.35","2.35","135","ONGOING"
"d85b4e8c-51d5-39c2-a408-3340c6c3d7b6","Over 24.5","True","2.35","2.35","135","ONGOING"
"808d7dde-fadd-32d1-a379-710d594b2c99","Under 24.5","True","1.588235294","1.58","-170","ONGOING"
"4fd45828-a311-33fa-9548-e9032ab87886","Over 8.5","True","1.333333333","1.33","-300","ONGOING"
"3030b960-ac12-372f-8cbd-e277e4b15014","Under 8.5","True","3.25","3.25","225","ONGOING"
"c978342d-103f-31cb-863b-be56f860fd21","Over 7.5","True","2.4","2.4","140","ONGOING"
"053a0f9f-7c53-30f9-ab75-c086c24e2437","Under 7.5","True","1.454545454","1.45","-220","ONGOING"
"44b0c3f7-2543-34a4-b7f8-95a6bdab1525","Holt, Brandon 0:6 Hsu, Yu Hsiou ","True","51.0","51.0","5000","ONGOING"
"cfb18450-d3d0-37fa-9c26-01c73e2e8a17","Holt, Brandon 1:6 Hsu, Yu Hsiou ","True","17.0","17.0","1600","ONGOING"
"25c53780-cefd-3382-bb17-d6599d21091c","Holt, Brandon 2:6 Hsu, Yu Hsiou ","True","11.0","11.0","1000","ONGOING"
"186c9d88-011c-30e7-88ba-be288fdfc1ef","Holt, Brandon 3:6 Hsu, Yu Hsiou ","True","8.0","8.0","700","ONGOING"
"2a6c585e-2a24-3812-afaa-316100fda22b","Holt, Brandon 4:6 Hsu, Yu Hsiou ","True","7.5","7.5","650","ONGOING"
"8c5150b7-0408-39c0-94b6-4e143a2526fc","Holt, Brandon 5:7 Hsu, Yu Hsiou ","True","15.0","15.0","1400","ONGOING"
"ca0ef136-1224-3a1b-861e-ec93cc68ec77","Holt, Brandon 6:7 Hsu, Yu Hsiou ","True","11.0","11.0","1000","ONGOING"
"da1f8df8-1e02-3459-a55e-88ea028d7623","Holt, Brandon 6:0 Hsu, Yu Hsiou ","True","41.0","41.0","4000","ONGOING"
"64e87287-4c5b-30f2-b334-f95ec655924c","Holt, Brandon  6:1 Hsu, Yu Hsiou ","True","17.0","17.0","1600","ONGOING"
"173593ed-9094-3f09-a768-3be8fda2b3e8","Holt, Brandon 6:2 Hsu, Yu Hsiou ","True","10.0","10.0","900","ONGOING"
"f214a50a-68fa-3a21-9d6a-e674d9c0ebeb","Holt, Brandon 6:3 Hsu, Yu Hsiou ","True","7.5","7.5","650","ONGOING"
"760159e9-262e-334e-9500-f4c3f913567f","Holt, Brandon 6:4 Hsu, Yu Hsiou ","True","7.0","7.0","600","ONGOING"
"5382916d-5b4a-39f8-9a8f-acc27daf9c73","Holt, Brandon 7:5 Hsu, Yu Hsiou ","True","15.0","15.0","1400","ONGOING"
"98eaf7e5-4463-314e-a400-85322b04f9ee","Holt, Brandon 7:6 Hsu, Yu Hsiou ","True","11.0","11.0","1000","ONGOING"
"6361f9d2-d49b-36ea-9914-0b9573d7fe14","Yes","True","1.526315789","1.52","-190","ONGOING"
"d432123a-8c9e-303d-9855-05131142aa97","No","True","2.3","2.3","130","ONGOING"
"31d2494e-17ba-3f35-a013-cc062ac2471e","Yes","True","3.25","3.25","225","ONGOING"
"895b4327-ee02-39b6-b93f-35aaa65bcf79","No","True","1.27027027","1.27","-370","ONGOING"
"0d3fe5a2-ab57-3a65-bb2a-4c72d101367c","Yes","True","2.5","2.5","150","ONGOING"
"26112a60-fc80-3363-b90f-99bb67b9e328","No","True","1.45045045","1.45","-222","ONGOING"
"d0e95b6e-87bc-3291-8e53-c6b9e886ccd5","Yes","True","3.05","3.05","205","ONGOING"
"d1e2cea3-c804-3d3d-9295-d51f4858bf1d","No","True","1.3003003","1.3","-333","ONGOING"
"658050d9-21b3-3e59-9c95-93504a7c2fa5","Kawaguchi N / Park S","True","1.649350649","1.64","-154","ONGOING"
"c8ad73ae-5bba-34b9-8254-ae35589a204e","Bhosale R / Grey S B","True","1.9009009","1.9","-111","ONGOING"
"857fc7c4-311a-34fb-aa95-ffce88a5ab89","Kawaguchi N / Park S","True","5.0","5.0","400","ONGOING"
"54abd861-19aa-3811-adfd-87574e8af2b8","Tie","True","1.9009009","1.9","-111","ONGOING"
"31447ea2-e986-3a37-a9df-cf2277299d84","Bhosale R / Grey S B","True","2.75","2.75","175","ONGOING"
"084ed12f-fba8-387d-b5ac-6fdd0606cb5b","Kawaguchi N / Park S +1.5","True","2.05","2.05","105","ONGOING"
"3eefd054-bdb3-3e79-bc74-f255cb0de763","Bhosale R / Grey S B -1.5","True","1.666666666","1.66","-150","ONGOING"
"e1d7488c-d237-33db-b5d1-afc658bc143b","Kawaguchi N / Park S","True","2.6","2.6","160","ONGOING"
"1affc99b-7139-35e8-b9d3-39ee85b6015c","Bhosale R / Grey S B","True","1.420168067","1.42","-238","ONGOING"
"d9123f73-838e-3447-987f-e1678748e78d","Over 21.5","True","1.699300699","1.69","-143","ONGOING"
"63cf5493-1068-31d8-a4a8-27174948ce7d","Under 21.5","True","2.05","2.05","105","ONGOING"
"b966f5b2-6006-3a3e-9fd8-d35d9928bc4c","Kawaguchi N / Park S -1.5","True","2.3","2.3","130","ONGOING"
"a7c7b708-b6cb-3e3d-b5f0-59efe57dee44","Bhosale R / Grey S B +1.5","True","1.526315789","1.52","-190","ONGOING"
"2bf098ac-2cb7-39ad-80e9-03886e5c689d","Yes","True","2.5","2.5","150","ONGOING"
"cc21c071-9d6d-3ec7-82cd-b8b884524ec9","No","True","1.45045045","1.45","-222","ONGOING"
"5f44bc65-9242-3510-b9da-793b6957f48d","Yes","True","1.45045045","1.45","-222","ONGOING"
"8e71ef41-84ea-32ca-a86e-374fa98a009b","No","True","2.5","2.5","150","ONGOING"
"f2c7d874-daf0-33e5-b3de-e0a1d5e39780","Kawaguchi N / Park S Win to 0","True","25.0","25.0","2400","ONGOING"
"6a6cf239-4a86-3df0-8852-9bdf1c1b19cd","Kawaguchi N / Park S Win to 15","True","11.0","11.0","1000","ONGOING"
"d996185e-54c9-3faa-9d73-a6647c72620d","Kawaguchi N / Park S Win  to 30","True","7.75","7.75","675","ONGOING"
"10e77993-f6af-3ea6-9c7c-05c816da4645","Kawaguchi N / Park S Win to 40","True","6.75","6.75","575","ONGOING"
"55de67be-de5a-32c3-ab65-ff980a118108","Bhosale R / Grey S B Win to 0","True","6.75","6.75","575","ONGOING"
"02332d10-1a01-3fd6-91e3-c9e712c2fcde","Bhosale R / Grey S B Win to 15","True","4.5","4.5","350","ONGOING"
"218b4478-35e8-38a0-82e2-66ff1b57b3fa","Bhosale R / Grey S B Win to 30","True","4.25","4.25","325","ONGOING"
"c9ffc3f9-3c43-375a-9d88-33817211e021","Bhosale R / Grey S B Win to 40","True","5.4","5.4","440","ONGOING"
"495cf6ea-4b48-301e-a020-6b4dcaffe94a","Kawaguchi N / Park S  2-0 Bhosale R / Grey S B ","True","2.3","2.3","130","ONGOING"
"59d22c75-1cc7-3858-94fc-d40b7881a919","Kawaguchi N / Park S 2-1 Bhosale R / Grey S B ","True","3.4","3.4","240","ONGOING"
"1a32237f-544b-3ac0-a7c1-0e8d4685a362","Kawaguchi N / Park S 1-2 Bhosale R / Grey S B ","True","2.5","2.5","150","ONGOING"
"1a330150-5b08-3fd9-bfb3-13537b8290fb","Over 2.5","True","1.526315789","1.52","-190","ONGOING"
"2923d9b5-0d79-3f2e-abf5-a868329521ab","Under 2.5","True","2.35","2.35","135","ONGOING"
"a784abf6-4bee-33cc-9707-0c59bfcce4b9","Over 9.5","True","2.02","2.02","102","ONGOING"
"fe63034a-0e7f-3cfc-a93a-b9a8ee5d654d","Under 9.5","True","1.64516129","1.64","-155","ONGOING"
"66ca5ffc-1010-32fe-8aed-474de91ad15e","Kawaguchi N / Park S","True","2.3","2.3","130","ONGOING"
"9fb36792-89fe-3db9-b6ec-fcb1de9e2715","Bhosale R / Grey S B","True","1.520833333","1.52","-192","ONGOING"
"b713c7ac-a18e-387f-b0f5-4e486db8e060","Kawaguchi N / Park S","True","1.45045045","1.45","-222","ONGOING"
"a5b69b29-6f5f-3aab-aab3-0b83144315a8","Bhosale R / Grey S B","True","2.45","2.45","145","ONGOING"
"e576cf9d-1a88-351f-bc2e-46519d0227e1","Kawaguchi N / Park S & Over 21.5","True","2.65","2.65","165","ONGOING"
"3f8c12c6-94ee-3a17-bc70-25dc6b8748b7","Bhosale R / Grey S B & Over 21.5","True","3.9","3.9","290","ONGOING"
"d18b4f62-9082-3f3d-9f70-983edb67fde9","Kawaguchi N / Park S & Under 21.5","True","2.8","2.8","180","ONGOING"
"b4354dc3-f822-37bf-be29-196c760e5bcd","Bhosale R / Grey S B & Under 21.5","True","6.25","6.25","525","ONGOING"
"2d5f4f44-8e8c-3359-81dc-ec07946be682","Kawaguchi N / Park S 6:0 Bhosale R / Grey S B ","True","50.0","50.0","4900","ONGOING"
"9a8c8d3a-5d25-3502-9b4d-feef320e754c","Kawaguchi N / Park S  6:1 Bhosale R / Grey S B ","True","16.5","16.5","1550","ONGOING"
"0cbf7c07-8d61-3e9d-831d-0df2873bd631","Kawaguchi N / Park S 6:2 Bhosale R / Grey S B ","True","14.0","14.0","1300","ONGOING"
"4a4e42c4-8da0-32be-be98-e980ed4f8818","Kawaguchi N / Park S 6:3 Bhosale R / Grey S B ","True","7.0","7.0","600","ONGOING"
"54f7d287-1978-31ec-8fa4-63299fd7525c","Kawaguchi N / Park S 6:4 Bhosale R / Grey S B ","True","10.5","10.5","950","ONGOING"
"070c575c-d5cf-3bca-9bd1-051372c2b766","Kawaguchi N / Park S 7:5 Bhosale R / Grey S B ","True","17.5","17.5","1650","ONGOING"
"a30f862e-6286-31fd-97f2-ed6df4f48ebd","Kawaguchi N / Park S 7:6 Bhosale R / Grey S B ","True","15.5","15.5","1450","ONGOING"
"de14488b-9b7f-3c3f-a9fe-37b6b700e7e6","Kawaguchi N / Park S 0:6 Bhosale R / Grey S B ","True","25.0","25.0","2400","ONGOING"
"4e6a19b5-518b-3f26-a901-524979f54e24","Kawaguchi N / Park S 1:6 Bhosale R / Grey S B ","True","12.0","12.0","1100","ONGOING"
"52d2994e-512b-3d1c-af49-f2eb19a19493","Kawaguchi N / Park S 2:6 Bhosale R / Grey S B ","True","5.9","5.9","490","ONGOING"
"38b3089f-7720-30af-90e1-121a6e5ef995","Kawaguchi N / Park S 3:6 Bhosale R / Grey S B ","True","7.25","7.25","625","ONGOING"
"b154e4ae-140d-395a-acc9-de4fa9bd4f78","Kawaguchi N / Park S 4:6 Bhosale R / Grey S B ","True","4.95","4.95","395","ONGOING"
"418f6d9a-b8ce-3ccf-af75-95d814657885","Kawaguchi N / Park S 5:7 Bhosale R / Grey S B ","True","13.0","13.0","1200","ONGOING"
"f98bfd45-0c1f-3709-900f-19f667a547e2","Kawaguchi N / Park S 6:7 Bhosale R / Grey S B ","True","12.5","12.5","1150","ONGOING"
"f31ecef4-d084-32d9-8baa-6202a4a869b2","4 Points","True","5.5","5.5","450","ONGOING"
"06493f56-f71b-3e09-92a0-8088c284b4a0","5 Points","True","3.3","3.3","230","ONGOING"
"5a1d267b-0cce-3894-bf5c-321b3262e588","6 Points","True","2.9","2.9","190","ONGOING"
"970866c1-f8d2-3e2c-b1d2-90c1fb5bc9f2","7+ Points","True","3.15","3.15","215","ONGOING"
"6f538d4e-f9e1-3708-ad6b-0059f51e32cb","Kawaguchi N / Park S","True","2.35","2.35","135","ONGOING"
"f8122072-af5c-3e36-8144-0cd701ebcf35","Bhosale R / Grey S B","True","1.526315789","1.52","-190","ONGOING"
"cfe491ff-94d9-3996-a1b8-40d9d47a9bd8","Kawaguchi N / Park S","True","1.847457627","1.84","-118","ONGOING"
"9ba0169b-acf1-38ca-afac-573fcfa7aa26","Bhosale R / Grey S B","True","1.847457627","1.84","-118","ONGOING"
"c526966d-794f-3b59-8229-9e730e27447f","Kawaguchi N / Park S","True","1.952380952","1.95","-105","ONGOING"
"51d44987-bc30-32a6-8fd5-1307947ac73a","Bhosale R / Grey S B","True","1.751879699","1.75","-133","ONGOING"
"60ad412a-abb9-3159-9e10-2a2a5442b09e","Kawaguchi N / Park S","True","2.05","2.05","105","ONGOING"
"1db442e6-8c01-3b1b-b2a3-6630c7ae1c91","Bhosale R / Grey S B","True","1.699300699","1.69","-143","ONGOING"
"f1a361d6-e352-3b76-aa17-4aaacdb2ddf8","Kawaguchi N / Park S","True","2.1","2.1","110","ONGOING"
"c4516f52-964d-3aac-b8d7-574aff6fefad","Bhosale R / Grey S B","True","1.649350649","1.64","-154","ONGOING"
"c6c814f8-79f7-3a7a-9c49-a4f2b0e03791","Yes","True","6.0","6.0","500","ONGOING"
"d8c796fb-d386-34da-bbfc-bbedbf0d5c44","No","True","1.083333333","1.08","-1200","ONGOING"
"6d7c08f3-ec3d-3bcc-b0ce-bd0e9e2ceacd","Yes","True","1.970873786","1.97","-103","ONGOING"
"62ba80e7-bc85-3e5e-8398-caa740137cc7","No","True","1.714285714","1.71","-140","ONGOING"
"df750a85-be11-3fd7-8aa5-b98aaa806f27","Yes","True","3.65","3.65","265","ONGOING"
"0b7ea06e-52ce-3f56-8cd9-b8aaaf8d39c6","No","True","1.219780219","1.21","-455","ONGOING"
"d480bc89-b9ba-37e1-8cad-06a9b9716440","Yes","True","3.5","3.5","250","ONGOING"
"156e5e2c-4d51-3490-b551-d84b5f9b2a5d","No","True","1.25","1.25","-400","ONGOING"
"cb635ffc-f0d3-3959-ba58-db8a65e44631","Yes","True","2.85","2.85","185","ONGOING"
"f721198c-bd30-3f19-8275-85f7b1d4a8e5","No","True","1.349650349","1.34","-286","ONGOING"
"7f87607c-4e95-3207-a4d9-a620ebf7c1a6","Hartono A / Thombare P G/Hartono A / Thombare P G","True","1.420168067","1.42","-238","ONGOING"
"361d2ee6-1e8b-32b6-9414-41ed4822a5f3","MA Y / Sawangkaew M/Hartono A / Thombare P G","True","6.75","6.75","575","ONGOING"
"a3aac7c7-fbdc-3c36-98de-35fa29fa5e9b","Hartono A / Thombare P G/MA Y / Sawangkaew M","True","11.5","11.5","1050","ONGOING"
"c678805b-fda0-39c8-83d6-556abf60912a","MA Y / Sawangkaew M/MA Y / Sawangkaew M","True","4.75","4.75","375","ONGOING"
"27fbfb57-eeec-3669-bf5f-74fd931bd2fd","Hartono A / Thombare P G","True","1.520833333","1.52","-192","ONGOING"
"4c40058f-8b40-3892-b4d5-e79e6eb3bbba","MA Y / Sawangkaew M","True","2.15","2.15","115","ONGOING"
"ab189b65-d07a-3c08-a682-8d2e1ee695af","Hartono A / Thombare P G","True","3.85","3.85","285","ONGOING"
"aaefec81-9215-3a29-aca3-9e196bedd420","Tie","True","1.9009009","1.9","-111","ONGOING"
"3324c64f-0da9-3981-ac03-7dc57db647d9","MA Y / Sawangkaew M","True","3.45","3.45","245","ONGOING"
"f5691359-4d81-35ec-8cfd-0c63a0a821fa","Hartono A / Thombare P G -1.5","True","2.3","2.3","130","ONGOING"
"410e7af7-e081-3b9b-b409-f4715af8b5f0","MA Y / Sawangkaew M +1.5","True","1.526315789","1.52","-190","ONGOING"
"cb44ea3f-78ef-31fc-95f2-d7e30a4b0655","Hartono A / Thombare P G","True","1.16","1.16","-625","ONGOING"
"d3fa8c30-35b4-35c4-ba69-d29b29ae3962","MA Y / Sawangkaew M","True","4.3","4.3","330","ONGOING"
"30ab3108-cbf5-35c5-bcfc-3a7e447e6d6b","Hartono A / Thombare P G","True","1.952380952","1.95","-105","ONGOING"
"3a6c4e8b-e31d-3336-b65a-05afb5922a53","MA Y / Sawangkaew M","True","1.751879699","1.75","-133","ONGOING"
"f3a5c77c-8397-3162-825a-e28980cb4db0","Over 21.5","True","1.649350649","1.64","-154","ONGOING"
"b687470a-9832-3b3c-baaf-65e95c46c70a","Under 21.5","True","2.05","2.05","105","ONGOING"
"aef59194-1235-356d-b9db-fdb478dd60c0","Hartono A / Thombare P G -1.5","True","1.714285714","1.71","-140","ONGOING"
"3ac39bbc-47df-376b-a7b6-5cbcfa38496c","MA Y / Sawangkaew M +1.5","True","1.970873786","1.97","-103","ONGOING"
"12f112e9-30d6-3774-859c-f7bee38ca59b","Hartono A / Thombare P G +1.5","True","1.071428571","1.07","-1400","ONGOING"
"6361d012-d5ac-32cd-bc4c-f2a13a6a3732","MA Y / Sawangkaew M -1.5","True","6.2","6.2","520","ONGOING"
"ee96bf00-66c0-3721-a7f1-d320739714ab","Yes","True","1.071428571","1.07","-1400","ONGOING"
"9ff4d473-6ed1-34d1-afca-a0f583ae4692","No","True","6.2","6.2","520","ONGOING"
"fb311a68-81f3-3302-b9b8-a7f40ea7466f","Yes","True","5.3","5.3","430","ONGOING"
"d6a4d86c-962e-3abb-8235-078b01f2dc98","No","True","1.1","1.1","-1000","ONGOING"
"685082a6-17c7-3513-8dbb-e2bfe3067792","Yes","True","1.25","1.25","-400","ONGOING"
"13b8c430-f32b-366e-aff9-bb96ec2ec5d1","No","True","3.5","3.5","250","ONGOING"
"4eb4c146-78fa-3959-b2f4-46d90ec6e43a","2 Sets","True","1.469483568","1.46","-213","ONGOING"
"1310623d-6be3-3fb7-bca2-1f5e93d132c3","3 Sets","True","2.45","2.45","145","ONGOING"
"c5b6e821-e0fd-33c8-9f15-970b7a4ab62d","Hartono A / Thombare P G Win to 0","True","14.5","14.5","1350","ONGOING"
"dcc3f451-4fe0-3e21-8a45-004e680cb3b4","Hartono A / Thombare P G Win to 15","True","7.25","7.25","625","ONGOING"
"f145a157-ef3c-3761-865b-ce776f1124b9","Hartono A / Thombare P G Win  to 30","True","5.6","5.6","460","ONGOING"
"5d01e026-0afd-3dc0-95a1-a445a4500092","Hartono A / Thombare P G Win to 40","True","5.5","5.5","450","ONGOING"
"7a1259be-20c0-329c-a03c-1c8fa6f65d2f","MA Y / Sawangkaew M Win to 0","True","10.5","10.5","950","ONGOING"
"db81fcac-c515-3dd1-8cd7-cdc1e84da62f","MA Y / Sawangkaew M Win to 15","True","6.25","6.25","525","ONGOING"
"54614938-144d-3c03-ad34-2737fcc07366","MA Y / Sawangkaew M Win to 30","True","5.1","5.1","410","ONGOING"
"544eacf9-bbe7-3746-95b0-c43af05b7e1c","MA Y / Sawangkaew M Win to 40","True","5.5","5.5","450","ONGOING"
"9c5779aa-48ab-3d59-a746-1daa9abbf09a","Hartono A / Thombare P G  2-0 MA Y / Sawangkaew M ","True","1.699300699","1.69","-143","ONGOING"
"a6be7390-7776-3089-87af-45b94db62a39","Hartono A / Thombare P G 2-1 MA Y / Sawangkaew M ","True","3.75","3.75","275","ONGOING"
"a47b9b86-51e4-3351-9cbb-5d80c9bfacfb","Hartono A / Thombare P G 1-2 MA Y / Sawangkaew M ","True","6.0","6.0","500","ONGOING"
"0672d02b-c7cf-33b6-8a46-70fb923b2f34","Hartono A / Thombare P G 0-2 MA Y / Sawangkaew M ","True","8.0","8.0","700","ONGOING"
"f297c35c-49e5-3456-bf78-e8a9475620a2","Over 2.5","True","2.5","2.5","150","ONGOING"
"e564dc64-1ab5-38cd-94d5-77f9e4b07250","Under 2.5","True","1.476190476","1.47","-210","ONGOING"
"7eed6d13-849a-3662-800e-062805a549b9","Over 12.5","True","1.8","1.8","-125","ONGOING"
"d3cfa938-3a1b-3e5b-a2ec-6f021fe9b5de","Under 12.5","True","1.847457627","1.84","-118","ONGOING"
"5b65e693-53a4-36f4-b33d-fd2ee15e2271","Hartono A / Thombare P G","True","1.32051282","1.32","-312","ONGOING"
"5e67f7ef-c07b-3a2e-8f33-9dbf0747a602","MA Y / Sawangkaew M","True","2.95","2.95","195","ONGOING"
"940fbd77-8d71-31ea-9101-171615fd1354","Hartono A / Thombare P G","True","1.3003003","1.3","-333","ONGOING"
"ef76c019-af3e-3aa2-8c78-7b630454fc30","MA Y / Sawangkaew M","True","3.0","3.0","200","ONGOING"
"2d337931-83e0-3046-9980-997d6e352ea6","Hartono A / Thombare P G","True","1.25","1.25","-400","ONGOING"
"037ed932-2cd1-3863-bd89-5b80c6c0933b","MA Y / Sawangkaew M","True","3.4","3.4","240","ONGOING"
"642a3a46-c497-33e7-bba4-475148c7f2d8","Hartono A / Thombare P G & Over 21.5","True","2.25","2.25","125","ONGOING"
"33d10a17-5241-33bd-b689-0c850e4f112b","MA Y / Sawangkaew M & Over 21.5","True","4.9","4.9","390","ONGOING"
"91cf38fc-2643-3163-a230-c8d9ecb2070a","Hartono A / Thombare P G & Under 21.5","True","2.35","2.35","135","ONGOING"
"32b4d7d4-aece-3a44-8362-a49fdc96b5db","MA Y / Sawangkaew M & Under 21.5","True","12.0","12.0","1100","ONGOING"
"2a052cc0-0c1a-3d42-84c8-57137bdd8abc","Hartono A / Thombare P G 7:5 MA Y / Sawangkaew M ","True","2.3","2.3","130","ONGOING"
"bb3ad3a8-6818-32b3-8f96-30521fcc9259","Hartono A / Thombare P G 7:6 MA Y / Sawangkaew M ","True","2.75","2.75","175","ONGOING"
"4ed510bb-c542-3752-afbe-1d4f900ebf63","Hartono A / Thombare P G 5:7 MA Y / Sawangkaew M ","True","8.5","8.5","750","ONGOING"
"7a1cfc34-b502-3306-8c47-68eddc491079","Hartono A / Thombare P G 6:7 MA Y / Sawangkaew M ","True","4.65","4.65","365","ONGOING"
"83a64262-4ede-3fdb-b18f-ac023818b8bc","4 Points","True","6.25","6.25","525","ONGOING"
"26d3e507-ef04-3672-ae01-b5c85a351a0e","5 Points","True","3.45","3.45","245","ONGOING"
"6d61f583-3da6-3d35-9351-f5973108db12","6 Points","True","2.8","2.8","180","ONGOING"
"b7a36f5d-4996-3ea2-8958-f076a9812bee","7+ Points","True","2.9","2.9","190","ONGOING"
"f5c28028-862a-30e8-a1a3-79fd181b7b84","Hartono A / Thombare P G","True","1.909090909","1.9","-110","ONGOING"
"47e6d9ee-ebef-3687-8a9e-193f3db6bd36","MA Y / Sawangkaew M","True","1.769230769","1.76","-130","ONGOING"
"a1749c39-c51b-3f36-9d2f-e4e997fe546d","Yes","True","1.819672131","1.81","-122","ONGOING"
"780a3272-4a26-3809-b9f3-c9697bed0610","No","True","1.854700854","1.85","-117","ONGOING"
"6ded8d0f-5af7-3948-9ad1-4ea1daab232e","Yes","True","7.2","7.2","620","ONGOING"
"2c75e6b0-41a5-3552-b7ae-747a876cd187","No","True","1.05","1.05","-2000","ONGOING"
"49d7cc73-2d4c-3df7-896b-8500a73b0b2b","Yes","True","1.769230769","1.76","-130","ONGOING"
"1f69091e-3802-308d-9cbe-b67461037467","No","True","1.909090909","1.9","-110","ONGOING"
"b76ee66e-2e11-30d7-9868-21c0c71c8d89","Yes","True","4.0","4.0","300","ONGOING"
"c7100262-7a69-38f1-8f10-93ab02fff2e0","No","True","1.179856115","1.17","-556","ONGOING"
"7d50bdf3-ead3-36f9-aee4-e98c58ed44a2","Yes","True","2.75","2.75","175","ONGOING"
"6c53a5fa-9760-3018-a703-0d1bb928deaa","No","True","1.37037037","1.37","-270","ONGOING"
"10fea816-e392-3bf0-a2ed-575155eb6a75","Yes","True","3.0","3.0","200","ONGOING"
"c2346b88-5167-39c7-8dbb-0f076d57309d","No","True","1.32051282","1.32","-312","ONGOING"
"776542a1-8814-3df0-a401-bd17ac029d2e","Glushko, Lina/Glushko, Lina","True","1.549450549","1.54","-182","ONGOING"
"19c71e18-c5c6-3a35-b5b9-e45bd0ee2281","Gorgodze, Ekaterine/Glushko, Lina","True","8.5","8.5","750","ONGOING"
"93005f5a-4c95-38d0-8135-ee3e7c631667","Glushko, Lina/Gorgodze, Ekaterine","True","9.0","9.0","800","ONGOING"
"7b1c58cb-c8d4-32f5-85fe-f3cc37e54b19","Gorgodze, Ekaterine/Gorgodze, Ekaterine","True","3.65","3.65","265","ONGOING"
"7a54890c-e19a-34e6-a7db-044df14e577d","Glushko, Lina","True","1.598802395","1.59","-167","ONGOING"
"399dcce8-4e65-37e0-a21d-2708ff936497","Gorgodze, Ekaterine","True","2.0","2.0","100","ONGOING"
"cfbc308c-b60e-3011-a544-7ced7f64dbd3","Glushko, Lina","True","2.9","2.9","190","ONGOING"
"0713b5a2-5e49-36a2-b149-2d14812c1072","Tie","True","1.9009009","1.9","-111","ONGOING"
"c9c6a227-6520-3e17-bec2-45da7c200c4c","Gorgodze, Ekaterine","True","4.7","4.7","370","ONGOING"
"0f2cab03-ba13-32ad-bfcd-a7e203caf88f","Glushko, Lina -3.5","True","1.787401574","1.78","-127","ONGOING"
"774b64d6-b454-322b-a454-72da62b77047","Gorgodze, Ekaterine +3.5","True","1.934579439","1.93","-107","ONGOING"
"961ff6d8-21f4-3d46-a4d3-9fa1486e125f","Glushko, Lina -1.5","True","1.64516129","1.64","-155","ONGOING"
"d7c5f7f1-5007-3dce-8006-e0e42a6ddbe1","Gorgodze, Ekaterine +1.5","True","2.07","2.07","107","ONGOING"
"9fb3f85f-75f3-3883-8c02-7c3b1f6d1066","Glushko, Lina","True","1.45045045","1.45","-222","ONGOING"
"0c3ebba0-34f3-38f4-bf05-c14ebd524cae","Gorgodze, Ekaterine","True","2.55","2.55","155","ONGOING"
"f56f45d9-c4c7-3eda-83e4-9f452026a859","Over 21.5","True","1.751879699","1.75","-133","ONGOING"
"7a3fa875-8d88-3203-a562-2f3a949894f7","Under 21.5","True","1.952380952","1.95","-105","ONGOING"
"e26b2d12-58d9-3c4d-9302-9dd14aa32d8b","Glushko, Lina -1.5","True","1.909090909","1.9","-110","ONGOING"
"92611ede-4eb8-37b0-93ed-57178c61bce1","Gorgodze, Ekaterine +1.5","True","1.769230769","1.76","-130","ONGOING"
"6ec3f43a-cf2f-3554-a1a8-409a09090d57","Glushko, Lina +1.5","True","1.153846153","1.15","-650","ONGOING"
"48e114b6-a291-321c-981e-204e1bc39908","Gorgodze, Ekaterine -1.5","True","4.4","4.4","340","ONGOING"
"95b016a2-4ba8-33ef-badf-eac0dce7c1e4","Yes","True","1.153846153","1.15","-650","ONGOING"
"2acc64df-ceb9-31f1-adb1-6483a65cd6d8","No","True","4.5","4.5","350","ONGOING"
"e14fa9e1-709a-3a72-a920-5ade913e585b","Yes","True","5.1","5.1","410","ONGOING"
"0652ef5d-ff5e-370f-8f62-296c1f6e5c0c","No","True","1.120048019","1.12","-833","ONGOING"
"7d2cac08-410e-3b47-8abd-194d0e2c3c75","Yes","True","1.37037037","1.37","-270","ONGOING"
"ad2953cd-58d2-3ad5-a636-9794e13acc36","No","True","2.75","2.75","175","ONGOING"
"4677d8b5-d0a4-396f-8788-4f96d844fdfe","2 Sets","True","1.45045045","1.45","-222","ONGOING"
"727053e5-3c0e-38ec-9b14-3a3f55bd4f8c","3 Sets","True","2.55","2.55","155","ONGOING"
"31c9c429-f123-3544-ac4d-75f6345c7baa","Glushko, Lina Win to 0","True","7.5","7.5","650","ONGOING"
"1439bb54-6332-37b8-96bf-158257bcad18","Glushko, Lina Win to 15","True","4.8","4.8","380","ONGOING"
"bcdea845-928f-3954-ada3-ba84a2bdbd65","Glushko, Lina Win  to 30","True","4.4","4.4","340","ONGOING"
"dbf6bf15-87eb-3e6f-abbf-d040606da162","Glushko, Lina Win to 40","True","4.8","4.8","380","ONGOING"
"d3152ca5-ce03-3a60-b8e1-2ebf537b03fd","Gorgodze, Ekaterine Win to 0","True","22.0","22.0","2100","ONGOING"
"08e6cff6-9120-331c-b67c-efd36e207c15","Gorgodze, Ekaterine Win to 15","True","10.0","10.0","900","ONGOING"
"778a6153-9127-3be6-8bb9-23f1a53c470e","Gorgodze, Ekaterine Win to 30","True","7.0","7.0","600","ONGOING"
"87ded877-f2f1-328c-a529-7b7f4eb3cfd2","Gorgodze, Ekaterine Win to 40","True","7.25","7.25","625","ONGOING"
"2484d9b1-901a-3216-b9e0-5a7f3279e0f2","Glushko, Lina  2-0 Gorgodze, Ekaterine ","True","1.847457627","1.84","-118","ONGOING"
"8ab8496c-7c68-335b-a8f8-a3842f7a5e36","Glushko, Lina 2-1 Gorgodze, Ekaterine ","True","4.25","4.25","325","ONGOING"
"d08fd090-66b0-37f4-bbfe-db8715bfcfa0","Glushko, Lina 1-2 Gorgodze, Ekaterine ","True","5.7","5.7","470","ONGOING"
"a37c3447-fd86-31cb-8a2a-164867315ec1","Glushko, Lina 0-2 Gorgodze, Ekaterine ","True","4.95","4.95","395","ONGOING"
"bd288a3f-b952-3cd1-b70c-11489c72eca1","Over 2.5","True","2.55","2.55","155","ONGOING"
"5d50123f-7011-3f08-b2e4-8df27bebe1b5","Under 2.5","True","1.454545454","1.45","-220","ONGOING"
"34dc4b88-5728-32e3-a4b3-2c5d594178e4","Over 10.5","True","2.15","2.15","115","ONGOING"
"92f5a8db-a70e-3f90-a76d-a76d88ceee29","Under 10.5","True","1.571428571","1.57","-175","ONGOING"
"faa0abce-9f59-37f2-8f16-73bfffbea266","Glushko, Lina","True","1.37037037","1.37","-270","ONGOING"
"04acb249-485f-3852-bd01-7880a6c2860d","Gorgodze, Ekaterine","True","2.7","2.7","170","ONGOING"
"0b30962a-6ca8-3dd3-a749-c22360ee6388","Glushko, Lina","True","1.469483568","1.46","-213","ONGOING"
"0576ce20-7432-3dca-99d9-528817299bca","Gorgodze, Ekaterine","True","2.4","2.4","140","ONGOING"
"7cb57629-9d58-3e7d-8668-f6f3c1f4c9e3","Glushko, Lina","True","1.37037037","1.37","-270","ONGOING"
"54e9e6f5-3fc9-3a87-9800-e314d75d45ee","Gorgodze, Ekaterine","True","2.7","2.7","170","ONGOING"
"8f481c3d-74e5-307f-b55a-6e7844336c5f","Over 12.5","True","1.769230769","1.76","-130","ONGOING"
"76d72281-3424-3ddd-a528-99225bf88ab6","Under 12.5","True","1.909090909","1.9","-110","ONGOING"
"ca749d80-4840-3b89-bd29-be183d4c5e85","Over 10.5","True","1.787401574","1.78","-127","ONGOING"
"06e35795-eb10-3201-ac81-c101342cde6d","Under 10.5","True","1.884955752","1.88","-113","ONGOING"
"71acc635-d123-33c0-886c-1cd6a581c525","Yes","True","2.85","2.85","185","ONGOING"
"232e593e-2d50-3b26-84d2-639c7da755c8","No","True","1.344827586","1.34","-290","ONGOING"
"de12d8a1-e84b-33a4-b008-f1595d645c37","Glushko, Lina & Over 21.5","True","2.75","2.75","175","ONGOING"
"1ed0f149-4b6e-3adc-8c0e-4d4cd0efdb95","Gorgodze, Ekaterine & Over 21.5","True","4.05","4.05","305","ONGOING"
"7d79636a-016e-3e01-86f3-4d7eb3332d55","Glushko, Lina & Under 21.5","True","2.4","2.4","140","ONGOING"
"23b677f8-e124-3124-ac03-6423c021aad5","Gorgodze, Ekaterine & Under 21.5","True","8.0","8.0","700","ONGOING"
"8f65e41f-b0a1-3e3a-a1d3-6ae2c58cbae6","4 Points","True","5.7","5.7","470","ONGOING"
"39c940ff-6778-32b1-a7b2-fd8c2f80301d","5 Points","True","3.35","3.35","235","ONGOING"
"42672d45-4b7b-398c-a076-8c7607d80cd5","6 Points","True","2.85","2.85","185","ONGOING"
"a6c9d026-9ac8-3eaf-9936-6849f6c3a25b","7+ Points","True","3.05","3.05","205","ONGOING"
"beae4386-cde2-3c47-9d43-e78bdb0ade77","Glushko, Lina","True","1.588235294","1.58","-170","ONGOING"
"302d39e6-4d4a-385a-af33-6681b942a222","Gorgodze, Ekaterine","True","2.25","2.25","125","ONGOING"
"8e7b928b-158f-335a-a0e8-bef0ac24a8c0","Glushko, Lina","True","1.3003003","1.3","-333","ONGOING"
"dd97fffa-6450-3800-89fa-645abba3c3c8","Gorgodze, Ekaterine","True","3.1","3.1","210","ONGOING"
"d98a680d-ac3e-3832-982e-89894e1823d2","Yes","True","3.9","3.9","290","ONGOING"
"8a0a57a5-59d5-30b0-9f97-e8a7767036e3","No","True","1.192307692","1.19","-520","ONGOING"
"2f14264b-3524-3eb2-97ba-33036325841c","Yes","True","7.0","7.0","600","ONGOING"
"37708c4e-544e-352a-a83a-447ba581dbb8","No","True","1.055555555","1.05","-1800","ONGOING"
"53048243-20ed-3bd0-ba67-2fcda378fd20","Yes","True","2.95","2.95","195","ONGOING"
"073e6500-5334-3be5-97d9-537df351fc77","No","True","1.333333333","1.33","-300","ONGOING"
"f3b782cc-9460-3451-af46-3b32c0bc7cd7","Yes","True","5.2","5.2","420","ONGOING"
"b658437b-8552-3c39-a8ad-302812582c52","No","True","1.120048019","1.12","-833","ONGOING"
"6e4a9d9b-4b97-3c33-a9f4-16be68e2136e","Yes","True","5.1","5.1","410","ONGOING"
"74921001-bc53-3bcd-84f1-7cab0283a3a4","No","True","1.120048019","1.12","-833","ONGOING"
"c9d6c391-f6e9-3d1a-9e7d-290e64da8264","Snigur, Daria/Snigur, Daria","True","1.1","1.1","-1000","ONGOING"
"64def659-af28-327d-b588-9e17126f67b2","Harrison, Catherine/Snigur, Daria","True","50.0","50.0","4900","ONGOING"
"b8279482-d705-31d6-9011-025729b64686","Snigur, Daria/Harrison, Catherine","True","4.65","4.65","365","ONGOING"
"88f11e1f-7f11-39b0-aa00-46b1a17111bd","Harrison, Catherine/Harrison, Catherine","True","50.0","50.0","4900","ONGOING"
"b1363e6b-00f0-3f9f-88ff-ad921d0f0e75","Snigur, Daria","True","1.8","1.8","-125","ONGOING"
"eece42e2-375e-3f75-a1f1-332c48b4a744","Harrison, Catherine","True","1.8","1.8","-125","ONGOING"
"79f1861f-e17f-35a2-967a-a4bba978ae41","Snigur, Daria -6.5","True","1.666666666","1.66","-150","ONGOING"
"c1593c80-6962-3d9d-b666-d4d72176155a","Harrison, Catherine +6.5","True","2.1","2.1","110","ONGOING"
"face032b-7c87-3cad-ad71-204feff6dd64","Snigur, Daria -3.5","True","1.133333333","1.13","-750","ONGOING"
"7e16191f-6f46-32ad-8a97-4a5635d1fb50","Harrison, Catherine +3.5","True","4.8","4.8","380","ONGOING"
"37717343-43eb-37c0-9efd-543997646434","Snigur, Daria","True","1.699300699","1.69","-143","ONGOING"
"84d2be62-b41b-3060-898e-0eadac4c7a02","Harrison, Catherine","True","1.952380952","1.95","-105","ONGOING"
"bdec29e4-925c-3abd-8d75-f6975cd1829f","Over 17.5","True","1.847457627","1.84","-118","ONGOING"
"01a132cf-a791-352e-a919-e9eeba4960f4","Under 17.5","True","1.847457627","1.84","-118","ONGOING"
"a938944c-78b4-3659-9d59-d61dead1261f","Snigur, Daria -1.5","True","1.333333333","1.33","-300","ONGOING"
"c27511f7-c1c3-328a-89d2-79f5f67abcdc","Harrison, Catherine +1.5","True","2.95","2.95","195","ONGOING"
"ebd26eb4-a8a8-36f6-80ae-46983cc193ce","Snigur, Daria +1.5","False","1.04","1.04","-2500","ONGOING"
"73531f25-3fc0-35d9-8fc6-e010a446a0c0","Harrison, Catherine -1.5","True","10.5","10.5","950","ONGOING"
"808de54f-97fc-3f13-89fb-bff6c539b6b5","Yes","False","1.04","1.04","-2500","ONGOING"
"10f66ba0-60c2-3719-a9a5-9f2808ad796e","No","True","11.0","11.0","1000","ONGOING"
"da98ce9b-9bc5-3efc-be81-f07a6bf79bda","Yes","True","5.3","5.3","430","ONGOING"
"b3e6732c-6ed7-33bf-901e-c161b2bd2a4f","No","True","1.1","1.1","-1000","ONGOING"
"03f74f6d-3040-35b0-bfea-9ab87b92c121","Yes","True","1.120048019","1.12","-833","ONGOING"
"4a75bba4-5b05-36a8-adca-ed8af60dc653","No","True","5.1","5.1","410","ONGOING"
"fd70ce54-8d74-32a7-aa0e-4b92c7cf5804","2 Sets","True","1.3003003","1.3","-333","ONGOING"
"1cea7267-1c91-3801-a24e-3dd2046849c2","3 Sets","True","3.05","3.05","205","ONGOING"
"72196f10-6d29-3e45-b293-98cc52f74f00","Snigur, Daria  2-0 Harrison, Catherine ","True","1.3003003","1.3","-333","ONGOING"
"c143703c-5d02-3111-8deb-1b89f2008174","Snigur, Daria 2-1 Harrison, Catherine ","True","5.4","5.4","440","ONGOING"
"b5f6c290-c224-3d91-a43a-a7804a6affc4","Snigur, Daria 1-2 Harrison, Catherine ","True","5.6","5.6","460","ONGOING"
"fc54c039-994e-3c94-beca-72c86ec208de","Snigur, Daria 0-2 Harrison, Catherine ","True","50.0","50.0","4900","ONGOING"
"4c28d418-b261-34db-8dd7-21fdaaa41928","Over 2.5","True","3.1","3.1","210","ONGOING"
"ff9dab14-68ee-3ad0-8604-04674298cd3f","Under 2.5","True","1.3125","1.31","-320","ONGOING"
"6d926978-098f-3201-a439-bf4212cc3b65","Over 7.5","True","1.970873786","1.97","-103","ONGOING"
"2cec2721-82eb-3a2c-b974-77f5ef059058","Under 7.5","True","1.689655172","1.68","-145","ONGOING"
"3f6ad9cd-20ea-30fb-b157-38a5cb169ff7","Snigur, Daria","False","1.02","1.02","-5000","ONGOING"
"247174f1-36f8-32eb-9e7c-2a719b7ed6d5","Harrison, Catherine","True","9.75","9.75","875","ONGOING"
"4b8a8b9d-f737-3615-b5b1-ed55dec742ec","Snigur, Daria","True","1.3003003","1.3","-333","ONGOING"
"c5a36d73-36bf-3587-b871-8f7655994cc3","Harrison, Catherine","True","3.0","3.0","200","ONGOING"
"4d13d051-e2ae-3234-99d0-fff55ba39417","Snigur, Daria","True","1.120048019","1.12","-833","ONGOING"
"e4bc3b61-5ff4-38d1-bb6d-133c226af240","Harrison, Catherine","True","4.9","4.9","390","ONGOING"
"02f07b38-5424-369c-b883-6596bb9e2ca9","Over 12.5","True","2.65","2.65","165","ONGOING"
"012b6147-14a3-3efb-8410-5c528633df12","Under 12.5","True","1.4","1.4","-250","ONGOING"
"c9e56e7c-81c2-304b-874b-9cfe53f9a9a9","Over 5.5","True","1.847457627","1.84","-118","ONGOING"
"28771dde-f502-3baa-b340-de2ff285df46","Under 5.5","True","1.833333333","1.83","-120","ONGOING"
"e7d210ae-40c7-3d39-9134-374111c40c7c","Yes","True","5.7","5.7","470","ONGOING"
"b4cb857e-1858-3200-9d25-5a22cf54edd7","No","True","1.09090909","1.09","-1100","ONGOING"
"141f5b7b-58a7-30b7-87e7-7b108ef8695c","Snigur, Daria & Over 17.5","True","2.5","2.5","150","ONGOING"
"4a6b494e-6e7f-3132-a072-07a7f37841e9","Harrison, Catherine & Over 17.5","True","5.8","5.8","480","ONGOING"
"a369b089-988f-326e-98ff-089e432c323e","Snigur, Daria & Under 17.5","True","1.8","1.8","-125","ONGOING"
"63a35a7b-4429-3d4b-960d-df8580de5300","Yes","True","11.0","11.0","1000","ONGOING"
"fa89af64-0fc4-31ea-b9cf-f119f65f9f79","No","False","1.04","1.04","-2500","ONGOING"
"757759ad-f0c0-3566-95d1-c28615c01e87","Yes","True","1.454545454","1.45","-220","ONGOING"
"088b69aa-cea4-34b4-a378-f22f0759b14e","No","True","2.5","2.5","150","ONGOING"
"c7ce0f8c-cc65-3513-a557-19b29d37b5d6","Yes","False","1.04","1.04","-2500","ONGOING"
"ebb93c60-b3af-3973-8db5-327cb7ce2598","No","True","12.0","12.0","1100","ONGOING"
"3d94efcd-5406-37eb-b5a1-c026b95f9d2b","Yes","True","5.6","5.6","460","ONGOING"
"7d8d04ad-1848-397c-afb3-a4925ee8ec5b","No","True","1.1","1.1","-1000","ONGOING"
"73bd81bc-c065-3cd5-9c53-90bb3c88c435","Yes","True","1.1","1.1","-1000","ONGOING"
"eb063cef-c097-3e06-80f1-edc675bbfb15","No","True","5.5","5.5","450","ONGOING"
"1cf7dd32-02e9-3c6e-a42c-f9c6d5d448b3","Zolotareva, Anastasia/Zolotareva, Anastasia","True","50.0","50.0","4900","ONGOING"
"ce8da364-4041-3129-b987-f452a1ab9cc2","Radwanska, Urszula/Zolotareva, Anastasia","True","4.7","4.7","370","ONGOING"
"20115160-1166-38b7-9fe9-55aa1754b3bd","Zolotareva, Anastasia/Radwanska, Urszula","True","50.0","50.0","4900","ONGOING"
"55f436b0-d902-3230-a392-a89643dfdcec","Radwanska, Urszula/Radwanska, Urszula","True","1.08","1.08","-1250","ONGOING"
"6c278fe2-4bb7-3a19-8fd5-2d78e22d1e07","Zolotareva, Anastasia","True","1.952380952","1.95","-105","ONGOING"
"00a1bd45-64d8-3581-8cd4-98c7adc7c2fd","Radwanska, Urszula","True","1.649350649","1.64","-154","ONGOING"
"67e7c87c-f068-3a67-83d7-0192961ea419","Zolotareva, Anastasia +8.5","True","1.689655172","1.68","-145","ONGOING"
"74c62bcc-d961-3e6d-846b-2e6b113c6830","Radwanska, Urszula -8.5","True","2.05","2.05","105","ONGOING"
"7be0547b-8713-313d-a766-cec2f55976e3","Zolotareva, Anastasia +4.5","True","4.9","4.9","390","ONGOING"
"c86c6203-c966-3610-be29-db94b08ca7e4","Radwanska, Urszula -4.5","True","1.125","1.12","-800","ONGOING"
"7d778255-d9a8-31d8-b740-826c82e84a8f","Zolotareva, Anastasia","True","2.3","2.3","130","ONGOING"
"b71ce6af-04f3-3293-a8b0-e18c818b5862","Radwanska, Urszula","True","1.549450549","1.54","-182","ONGOING"
"47e7c622-559d-3119-97e0-e8f6c1f065a9","Over 16.5","True","2.05","2.05","105","ONGOING"
"930053af-3cba-3488-9ace-7f8372c2bc45","Under 16.5","True","1.649350649","1.64","-154","ONGOING"
"f297e71b-8d76-3ea0-99bd-fb9b754bdc2c","Zolotareva, Anastasia -1.5","True","11.0","11.0","1000","ONGOING"
"63827096-36eb-35ee-b9d6-e52f9bb7ab70","Radwanska, Urszula +1.5","False","1.04","1.04","-2500","ONGOING"
"3c6d8688-ba58-3d6f-b093-d9fd4e9885ff","Zolotareva, Anastasia +1.5","True","3.3","3.3","230","ONGOING"
"a34ed393-a479-39ca-a082-45c1555f4058","Radwanska, Urszula -1.5","True","1.27027027","1.27","-370","ONGOING"
"c4b9fe48-74e0-3e2a-8295-fe472f340189","Yes","True","3.3","3.3","230","ONGOING"
"98eb9f6c-677f-3a55-b537-92ee3ca74f96","No","True","1.27027027","1.27","-370","ONGOING"
"ab1194fe-36b9-35c3-a818-ed7f4c1eddaf","Yes","True","5.7","5.7","470","ONGOING"
"c9e055a2-984d-3188-897c-5d575e8901dc","No","True","1.090009","1.09","-1111","ONGOING"
"5f80d5ab-c071-3296-9ee2-0a07c4b80635","Yes","True","5.5","5.5","450","ONGOING"
"5d22034f-8af9-34ba-ad89-12dacaa0db7b","No","True","1.1","1.1","-1000","ONGOING"
"4b0bad08-d050-3f3c-ac52-ccb7928acd3d","2 Sets","True","1.27027027","1.27","-370","ONGOING"
"e8d88ae1-1384-31c5-8768-1f722b3c9c82","3 Sets","True","3.35","3.35","235","ONGOING"
"4e6e63d6-d0aa-392e-87c2-ae6bf29865d3","Zolotareva, Anastasia  2-0 Radwanska, Urszula ","True","50.0","50.0","4900","ONGOING"
"f8c7f259-d30d-3e10-9afa-73382208f4b9","Zolotareva, Anastasia 2-1 Radwanska, Urszula ","True","5.9","5.9","490","ONGOING"
"f44a16f0-6082-39fa-99f6-37fe0007e536","Zolotareva, Anastasia 1-2 Radwanska, Urszula ","True","6.0","6.0","500","ONGOING"
"fbce00f0-8acd-3489-900e-4281b53744ff","Zolotareva, Anastasia 0-2 Radwanska, Urszula ","True","1.25","1.25","-400","ONGOING"
"b775717b-11ea-3e01-86b2-dfd19109b6d5","Over 2.5","True","3.4","3.4","240","ONGOING"
"0833dcd9-5bfd-3f88-9255-ce295b36a781","Under 2.5","True","1.27027027","1.27","-370","ONGOING"
"53eab401-f409-3b5f-a5eb-a551c8408116","Over 6.5","True","2.25","2.25","125","ONGOING"
"b843cbb0-7773-3a3c-a53d-eb201fea2ce6","Under 6.5","True","1.526315789","1.52","-190","ONGOING"
"ef3b8378-4c40-3dbe-b21f-2ae73b9ca821","Zolotareva, Anastasia","True","10.0","10.0","900","ONGOING"
"debe9583-5c90-39bf-bd0e-a595344a5ca2","Radwanska, Urszula","False","1.05","1.05","-2000","ONGOING"
"6914714e-e02e-34af-b0e3-0d4c30aa13e1","Zolotareva, Anastasia","True","3.25","3.25","225","ONGOING"
"9c002459-a7b4-3e01-b1e0-14046eff8b82","Radwanska, Urszula","True","1.25","1.25","-400","ONGOING"
"8c726dd8-89ec-32a5-8c9c-0a9d0a860eb5","Zolotareva, Anastasia","True","5.3","5.3","430","ONGOING"
"8a8bda6e-514e-343b-b585-492bc260af6d","Radwanska, Urszula","True","1.1","1.1","-1000","ONGOING"
"c13d6956-593f-368f-8815-7912f4ef1efe","Over 4.5","True","2.05","2.05","105","ONGOING"
"656af356-738a-3e38-a938-3333a0a322e4","Under 4.5","True","1.666666666","1.66","-150","ONGOING"
"7afa2f56-8ae5-3aeb-9b4c-af23c7d7ab2d","Over 12.5","True","2.95","2.95","195","ONGOING"
"51781817-0ebf-3ab5-94b0-3f9fb087a478","Under 12.5","True","1.333333333","1.33","-300","ONGOING"
"f46d6af0-2e19-39c8-b281-36231156f7c4","Yes","True","6.2","6.2","520","ONGOING"
"b7d94bb5-883b-3c64-842a-3b3ca61babeb","No","True","1.071428571","1.07","-1400","ONGOING"
"ffd7e2bc-c4be-39fa-af42-d4b573ffe0d6","Zolotareva, Anastasia & Over 16.5","True","6.5","6.5","550","ONGOING"
"3b68d14b-7645-3fd5-b146-0ce49a995f8c","Radwanska, Urszula & Over 16.5","True","2.8","2.8","180","ONGOING"
"3414b42b-4267-3ba6-a074-a97e5ee41daf","Radwanska, Urszula & Under 16.5","True","1.649350649","1.64","-154","ONGOING"
"0f58add7-6610-35b0-afb4-a7e958359c2e","Yes","True","11.0","11.0","1000","ONGOING"
"a8a84783-13a2-3ebd-b3f0-4b63e755110c","No","False","1.04","1.04","-2500","ONGOING"
"a3c79a0d-4d48-3602-b264-1ff671a38175","Yes","True","1.222222222","1.22","-450","ONGOING"
"051a4f86-5632-36cb-a98b-1a96b8b16c27","No","True","3.65","3.65","265","ONGOING"
"918b3d70-f882-3be4-951b-c638860cfd50","Bertola R / Escoffier A","True","2.65","2.65","165","ONGOING"
"6cd20408-d849-32cd-af14-b16f88fcbf11","Matuszewski P / Romios M","True","1.384615384","1.38","-260","ONGOING"
"d13e86f8-3c1d-3b19-a38f-62f2971592c8","Bertola R / Escoffier A +1.5","False","1.714285714","1.71","-140","ONGOING"
"915dd4d0-e086-3b88-aad5-a749a1bd3552","Matuszewski P / Romios M -1.5","False","1.970873786","1.97","-103","ONGOING"
"3c4f8ef6-8aa4-3326-9e8e-67f630f25e57","Bertola R / Escoffier A +1.5","False","1.454545454","1.45","-220","ONGOING"
"58b370bc-730d-3cd8-a461-289d7ed98698","Matuszewski P / Romios M -1.5","False","2.4","2.4","140","ONGOING"
"a6beb970-3ee4-3781-8f9d-e1f38b48a6d6","Bertola R / Escoffier A","False","3.3","3.3","230","ONGOING"
"5d8a50dd-217d-3b4c-a8ef-a28129ccf4cb","Matuszewski P / Romios M","False","1.27027027","1.27","-370","ONGOING"
"653d3e7d-e375-373c-9c84-0e5733165e69","Bertola R / Escoffier A","True","1.222222222","1.22","-450","ONGOING"
"2c8d2bd6-92a6-379f-a07f-87068833e79e","Matuszewski P / Romios M","True","3.65","3.65","265","ONGOING"
"048d8f8b-330c-3b44-9e4f-28d858b36ebd","Over 21.5","True","1.847457627","1.84","-118","ONGOING"
"e0a76091-fd03-3a7f-893c-9d3e65d5b955","Under 21.5","True","1.8","1.8","-125","ONGOING"
"5389a3eb-170a-385c-a377-c6ca2a01abb5","Yes","False","1.434782608","1.43","-230","ONGOING"
"94e9771f-d838-371d-a787-e578dbe3f690","No","False","2.55","2.55","155","ONGOING"
"a4074770-7774-34d6-a9ee-38967095c181","Over 2.5","True","2.12","2.12","112","ONGOING"
"71b9e98b-e076-3d55-8202-1adb3307118c","Under 2.5","True","1.606060606","1.6","-165","ONGOING"
"c26fe947-049a-3ece-b494-adf6d455afef","Over 10.5","False","2.1","2.1","110","ONGOING"
"ac4f88f4-6b87-3b93-a4aa-be1a1829c902","Under 10.5","False","1.606060606","1.6","-165","ONGOING"
"ffd2965d-f878-3e22-892b-264fdf0fff0f","Bertola R / Escoffier A","False","1.909090909","1.9","-110","ONGOING"
"537c2e90-fbb1-3b95-810c-1a5dc5a88ad2","Matuszewski P / Romios M","False","1.74074074","1.74","-135","ONGOING"
"a303d3d3-a590-337c-a670-d68b621ce88f","Bertola R / Escoffier A","True","2.22","2.22","122","ONGOING"
"312ce9fc-e288-3e6a-83e3-059dd37c4de2","Matuszewski P / Romios M","True","1.606060606","1.6","-165","ONGOING"
"2b4022ae-15b2-3765-adaf-b4b1642188ea","Bertola R / Escoffier A","True","2.1","2.1","110","ONGOING"
"3ece77ff-d7bf-3d3f-9d88-f5ec8749f679","Matuszewski P / Romios M","True","1.606060606","1.6","-165","ONGOING"
"950d8add-d7bc-3234-bae8-4355c1fe31ac","Bertola R / Escoffier A 0:6 Matuszewski P / Romios M ","True","67.0","67.0","6600","ONGOING"
"142b5a7e-f56a-3436-8420-7228bc341cb0","Bertola R / Escoffier A 1:6 Matuszewski P / Romios M ","True","19.0","19.0","1800","ONGOING"
"6e8b0c5f-2de8-394b-93d8-8fc15251cbb1","Bertola R / Escoffier A 2:6 Matuszewski P / Romios M ","True","11.0","11.0","1000","ONGOING"
"a9f330c2-b30e-39d5-aedc-661611e699e0","Bertola R / Escoffier A 3:6 Matuszewski P / Romios M ","True","6.5","6.5","550","ONGOING"
"68371fbd-32f9-304e-8590-8694a4221bee","Bertola R / Escoffier A 4:6 Matuszewski P / Romios M ","True","6.0","6.0","500","ONGOING"
"4f9affed-e9b4-3b0a-8057-1b941165cee9","Bertola R / Escoffier A 5:7 Matuszewski P / Romios M ","True","15.0","15.0","1400","ONGOING"
"444b5439-f8c0-3ea5-b085-6f754eec48c6","Bertola R / Escoffier A 6:7 Matuszewski P / Romios M ","True","7.0","7.0","600","ONGOING"
"10dc2e6c-332d-3845-99f7-ebcf94e3db37","Bertola R / Escoffier A 6:0 Matuszewski P / Romios M ","True","101.0","101.0","10000","ONGOING"
"0552093b-d0de-39e3-9725-367b895d091f","Bertola R / Escoffier A  6:1 Matuszewski P / Romios M ","True","34.0","34.0","3300","ONGOING"
"89c60ad6-67b5-39df-8220-341831b3df25","Bertola R / Escoffier A 6:2 Matuszewski P / Romios M ","True","17.0","17.0","1600","ONGOING"
"bdf06177-6af9-32ed-86ae-d6fc7416589c","Bertola R / Escoffier A 6:3 Matuszewski P / Romios M ","True","9.0","9.0","800","ONGOING"
"0323e55e-eac1-3256-b6a9-01b204c42ce1","Bertola R / Escoffier A 6:4 Matuszewski P / Romios M ","True","8.0","8.0","700","ONGOING"
"9afca6fb-da5a-3edc-bc37-740f3ba9534c","Bertola R / Escoffier A 7:5 Matuszewski P / Romios M ","True","19.0","19.0","1800","ONGOING"
"918ac8f4-6d47-3c21-8c62-8be9964043a6","Bertola R / Escoffier A 7:6 Matuszewski P / Romios M ","True","8.5","8.5","750","ONGOING"
"78164f8f-2851-3f01-a4a9-9871698f1a28","Yes","True","1.333333333","1.33","-300","ONGOING"
"d71cd50c-940c-349e-be92-c6fe6f8938c8","No","True","2.95","2.95","195","ONGOING"
"040c0758-cdbf-38e3-bec2-3876b0801737","Nam J / Niklas-Salminen P","True","1.416666666","1.41","-240","ONGOING"
"0c2c7c35-086d-33b8-a25e-01e933fb8265","Saville L / Tu L","True","2.55","2.55","155","ONGOING"
"d48e82b5-75e9-310b-829b-dc7cc63ac28f","Nam J / Niklas-Salminen P","True","1.4","1.4","-250","ONGOING"
"b39c3f31-7554-3ef3-9c29-26795f9fd8aa","Saville L / Tu L","True","2.6","2.6","160","ONGOING"
"5a185e3f-b603-3f42-8754-2f836e57036d","Nam J / Niklas-Salminen P +0.5","True","1.769230769","1.76","-130","ONGOING"
"b372160a-045c-32df-a3e6-0f516e3dbf65","Saville L / Tu L -0.5","True","1.909090909","1.9","-110","ONGOING"
"0b61eb9d-61ce-3dec-b715-cc95110c439f","Nam J / Niklas-Salminen P +1.5","True","1.526315789","1.52","-190","ONGOING"
"568058e4-6e84-3d22-8d22-281440ab4879","Saville L / Tu L -1.5","True","2.25","2.25","125","ONGOING"
"48c7339b-98be-3140-a2f3-1a37c9642fa8","Nam J / Niklas-Salminen P","True","1.083333333","1.08","-1200","ONGOING"
"b6a49775-486d-3587-8f04-00c27775c4f1","Saville L / Tu L","True","5.9","5.9","490","ONGOING"
"e5628d4c-976a-3a62-9ac1-f974c36a2abc","Nam J / Niklas-Salminen P","True","3.85","3.85","285","ONGOING"
"1e3d8560-842d-383b-8671-7a91b98180ca","Saville L / Tu L","True","1.2","1.2","-500","ONGOING"
"d7747442-3995-3afa-b41e-03bf61aebbfb","Over 20.5","True","1.74074074","1.74","-135","ONGOING"
"da8858f2-c748-3306-9f0c-72a34b2e323a","Under 20.5","True","1.909090909","1.9","-110","ONGOING"
"38d841f6-03c4-3b70-a922-962d59d28e29","Yes","True","1.333333333","1.33","-300","ONGOING"
"252ab89d-efbf-35ce-a36b-285924685626","No","True","2.95","2.95","195","ONGOING"
"86af7242-b7ea-3975-ad7b-0249ebce607d","Over 2.5","True","2.2","2.2","120","ONGOING"
"ee4706c6-4aaf-31db-9de9-5ba693b48e1b","Under 2.5","True","1.571428571","1.57","-175","ONGOING"
"ea38aca6-2ec9-367b-ae9d-2680954002fb","Over 9.5","True","1.5","1.5","-200","ONGOING"
"92d2f8fe-2aa6-3d43-912f-36e0459c9fb6","Under 9.5","True","2.3","2.3","130","ONGOING"
"7d79a68a-cf88-3922-a983-5aabc57964c2","Nam J / Niklas-Salminen P","True","1.877192982","1.87","-114","ONGOING"
"1f1c3cda-4712-375b-bc7a-e687c270ccc9","Saville L / Tu L","True","1.769230769","1.76","-130","ONGOING"
"fc0c8109-baea-3341-870f-26401cabed9a","Nam J / Niklas-Salminen P","True","1.869565217","1.86","-115","ONGOING"
"b0a18e4b-dd7a-3168-83db-a4a948e41b1a","Saville L / Tu L","True","1.877192982","1.87","-114","ONGOING"
"6f1fc59f-5d87-3a41-a0e5-861e13a715c3","Nam J / Niklas-Salminen P","True","1.8","1.8","-125","ONGOING"
"54d6eb0a-1f6c-3c13-ab8b-f0c1627f71fa","Saville L / Tu L","True","1.847457627","1.84","-118","ONGOING"
"23578f7f-e726-3996-8466-474f7ffc1bb2","Nam J / Niklas-Salminen P 0:6 Saville L / Tu L ","True","81.0","81.0","8000","ONGOING"
"21380d4d-4dc1-3fec-9429-83cd17b3ea9e","Nam J / Niklas-Salminen P 1:6 Saville L / Tu L ","True","23.0","23.0","2200","ONGOING"
"4dd71b2b-6443-39d1-91bd-0dcf2bfb0775","Nam J / Niklas-Salminen P 2:6 Saville L / Tu L ","True","13.0","13.0","1200","ONGOING"
"450dbde4-2a56-3cc8-965c-92b7044d4fe1","Nam J / Niklas-Salminen P 3:6 Saville L / Tu L ","True","8.0","8.0","700","ONGOING"
"b38b578f-30c4-3464-83d5-63caafe667ce","Nam J / Niklas-Salminen P 4:6 Saville L / Tu L ","True","6.5","6.5","550","ONGOING"
"d4ed45b4-62c8-333c-b11e-c1ee48c76ddc","Nam J / Niklas-Salminen P 5:7 Saville L / Tu L ","True","17.0","17.0","1600","ONGOING"
"439045b1-c989-357c-8b78-092ea2ad0d6c","Nam J / Niklas-Salminen P 6:7 Saville L / Tu L ","True","8.0","8.0","700","ONGOING"
"f042acbb-d7f6-3738-8776-d8bd4ad90d73","Nam J / Niklas-Salminen P 6:0 Saville L / Tu L ","True","67.0","67.0","6600","ONGOING"
"28e015a2-9ce7-3b17-8f1c-69a23a8e5e46","Nam J / Niklas-Salminen P  6:1 Saville L / Tu L ","True","21.0","21.0","2000","ONGOING"
"b3e5825a-f8aa-3b55-ae5d-235211a9c570","Nam J / Niklas-Salminen P 6:2 Saville L / Tu L ","True","13.0","13.0","1200","ONGOING"
"b3232ea7-bd02-30f2-925a-a32a29c052df","Nam J / Niklas-Salminen P 6:3 Saville L / Tu L ","True","7.5","7.5","650","ONGOING"
"83d062dd-283e-336f-8641-d93370d56235","Nam J / Niklas-Salminen P 6:4 Saville L / Tu L ","True","7.0","7.0","600","ONGOING"
"b29f31c8-6e32-3de0-95f3-370cb81efba2","Nam J / Niklas-Salminen P 7:5 Saville L / Tu L ","True","15.0","15.0","1400","ONGOING"
"ca06c20e-7461-327b-b1ed-cb91f2fe75bd","Nam J / Niklas-Salminen P 7:6 Saville L / Tu L ","True","8.0","8.0","700","ONGOING"
"da6f42d8-5627-331d-8251-f0fd27ef1631","Kolasa, Szymon +9.5","True","1.751879699","1.75","-133","ONGOING"
"d69d9359-f692-3b93-9576-03e35fe0867c","David, Petr -9.5","True","1.952380952","1.95","-105","ONGOING"
"ebab0c21-b537-3652-bd50-3a2494655470","Kolasa, Szymon +2.5","True","1.847457627","1.84","-118","ONGOING"
"1a5b097c-d8ae-3acd-8e9c-6c10a0c60387","David, Petr -2.5","True","1.847457627","1.84","-118","ONGOING"
"56edffaa-e464-3ac8-84b6-d782118cd47c","Over 70.5","True","1.847457627","1.84","-118","ONGOING"
"4a754a3e-ebfd-3d09-a479-78f660b4e2f4","Under 70.5","True","1.847457627","1.84","-118","ONGOING"
"63c57d61-b398-3912-9b3e-782e052702ea","3:1","True","9.75","9.75","875","ONGOING"
"8e129c68-07a5-34e5-a02e-5e6bedf713a5","3:2","True","6.25","6.25","525","ONGOING"
"8c8348f0-bc56-3905-9ef2-4a54c2bb88d1","2:3","True","5.0","5.0","400","ONGOING"
"1c4620f1-b512-39ce-a6b3-384267dd5b76","1:3","True","2.95","2.95","195","ONGOING"
"4e8c6547-4dd9-32ea-8ef1-9007ec3841d1","0:3","True","1.9009009","1.9","-111","ONGOING"
"b199986a-fabf-36a0-beaf-bf5375f8fa60","Over 18.5","True","1.952380952","1.95","-105","ONGOING"
"687cebd2-bb79-3a3d-aa2c-b7e581641569","Under 18.5","True","1.751879699","1.75","-133","ONGOING"
"4b106c4c-49a5-3dd4-8bb7-52985d305cf5","Kolasa, Szymon","True","2.8","2.8","180","ONGOING"
"554bb527-c4db-325b-8dd5-65a056787c5f","David, Petr","True","1.4","1.4","-250","ONGOING"
"ad1fa735-9f5b-351a-981b-19cc809c0b0c","Kolasa, Szymon","True","4.45","4.45","345","ONGOING"
"891677e3-dcd5-3146-a15c-9e7b735ce85e","David, Petr","True","1.16","1.16","-625","ONGOING"
"19553d65-d031-3855-ae8d-21c9c82dfa3b","Kolasa, Szymon","True","2.8","2.8","180","ONGOING"
"41542533-fd08-33df-8e24-c653dc14a133","David, Petr","True","1.4","1.4","-250","ONGOING"
"661f9722-45b0-36c0-80b0-7708fc5fa128","Kolasa, Szymon","True","2.75","2.75","175","ONGOING"
"5efda3fe-4efb-36d2-b5fc-fb74c02ae3e6","David, Petr","True","1.4","1.4","-250","ONGOING"
"7e212a0d-70b9-354d-b581-2234a74f3d88","Kolasa, Szymon","True","1.8","1.8","-125","ONGOING"
"efcdcaa4-7310-3100-9ce7-f4564d7a8948","David, Petr","True","1.9009009","1.9","-111","ONGOING"
"0b65d0d3-8ece-36e2-b607-47906b014d92","Zikmunda, Zdenek +10.5","True","1.847457627","1.84","-118","ONGOING"
"684e12f7-050c-32db-a781-0449f268a6ac","Stehlik, Milan -10.5","True","1.847457627","1.84","-118","ONGOING"
"134055ca-eb9c-347d-99e5-546d1b951af0","Zikmunda, Zdenek +3.5","True","2.6","2.6","160","ONGOING"
"20348ca7-02ac-3c7d-9d19-a2593e9311a5","Stehlik, Milan -3.5","True","1.420168067","1.42","-238","ONGOING"
"2d0c9caf-e840-3817-9788-a9736b2e4769","Over 78.5","True","1.8","1.8","-125","ONGOING"
"446f79dc-27d8-3897-b499-eed692bb43dd","Under 78.5","True","1.9009009","1.9","-111","ONGOING"
"cb03adc9-0299-3c4e-be00-32465764126a","3:1","True","11.0","11.0","1000","ONGOING"
"84843b55-0b41-3029-bcd1-94da7c5a2142","3:2","True","3.9","3.9","290","ONGOING"
"1a8a92f3-d633-314f-956e-f538d6530508","2:3","True","3.25","3.25","225","ONGOING"
"d8a5f046-7a19-3d87-bc50-3e798381812a","1:3","True","1.649350649","1.64","-154","ONGOING"
"774a76a3-8064-343d-8001-f5783aeb778e","Over 17.5","True","2.0","2.0","100","ONGOING"
"cc0afb0c-fd24-3d39-b0f4-ae0f7e2d7bd7","Under 17.5","True","1.699300699","1.69","-143","ONGOING"
"e8db35e3-30db-35fe-9d77-ff0aa5ee6fd2","Zikmunda, Zdenek","True","5.8","5.8","480","ONGOING"
"43423a1c-fa8d-3961-bbfa-5eecf7d1cd6e","Stehlik, Milan","True","1.120048019","1.12","-833","ONGOING"
"b9bda6b8-070b-3721-b8c9-bdb331b1065c","Zikmunda, Zdenek","True","3.35","3.35","235","ONGOING"
"f04c58ca-7c67-35db-bd57-a028d3624169","Stehlik, Milan","True","1.27027027","1.27","-370","ONGOING"
"327910c4-7ef0-3541-b62c-cec5bbd9d0bc","Zikmunda, Zdenek","True","7.75","7.75","675","ONGOING"
"6afa3f3b-3196-3ad4-8f8a-e36c954b4317","Stehlik, Milan","True","1.05","1.05","-2000","ONGOING"
"457a813a-00ac-31ea-9c28-792e91ad716a","Zikmunda, Zdenek","True","6.25","6.25","525","ONGOING"
"8f9c33ca-5ad1-39fd-ac64-37338f8efb3e","Stehlik, Milan","True","1.090009","1.09","-1111","ONGOING"
"eb553643-029a-3c0f-8f73-dd7f4b58df4f","Zikmunda, Zdenek","True","1.751879699","1.75","-133","ONGOING"
"cdebde87-c13b-3717-a5e2-58a3e7974c47","Stehlik, Milan","True","2.0","2.0","100","ONGOING"
"80f5138b-5ec0-376a-9364-5ef8f4cb1261","Belovsky, Josef +9.5","True","1.9009009","1.9","-111","ONGOING"
"49d1c01f-28fa-3063-a2a3-4616f1b53e9d","Malek, Lukas -9.5","True","1.8","1.8","-125","ONGOING"
"c497add1-da8b-3623-8176-1326e615fb14","Belovsky, Josef -3.5","True","3.95","3.95","295","ONGOING"
"2a7f6f37-afa8-30e3-bf2e-6bc3755f3494","Malek, Lukas +3.5","True","1.2","1.2","-500","ONGOING"
"570dd79d-e8a6-3a4e-abc1-60f047a794b5","Over 72.5","True","1.847457627","1.84","-118","ONGOING"
"bd955a42-8235-3ab3-b324-efd18ace9446","Under 72.5","True","1.847457627","1.84","-118","ONGOING"
"afb6d125-a9e9-332d-b73e-3384b1badfa9","3:1","True","4.85","4.85","385","ONGOING"
"f830f86f-ad7f-32ed-a3be-ff0226407dd0","3:2","True","4.4","4.4","340","ONGOING"
"d018bcbd-0f6a-3af0-b256-15b71a3d4267","2:3","True","4.1","4.1","310","ONGOING"
"472818da-d4c2-3c2b-8b94-8a5bfb9d9a5c","1:3","True","2.9","2.9","190","ONGOING"
"53e99671-b500-30c8-a0fd-7b76fd293554","0:3","True","3.3","3.3","230","ONGOING"
"776046c8-b924-3e99-a136-ef5170437551","Over 19.5","True","1.847457627","1.84","-118","ONGOING"
"919be4d6-7e98-3a48-9896-06ee10bd8e82","Under 19.5","True","1.8","1.8","-125","ONGOING"
"6ea14a89-90b9-3f43-88c0-5ec5c5322262","Belovsky, Josef","True","2.75","2.75","175","ONGOING"
"bdf5f4c1-2f12-3a73-98f0-52313297288f","Malek, Lukas","True","1.4","1.4","-250","ONGOING"
"658a9d06-3fa0-3f20-b7d1-89131f667e32","Belovsky, Josef","True","2.05","2.05","105","ONGOING"
"802112c5-0a18-30b3-96a0-d66ec2b427b1","Malek, Lukas","True","1.699300699","1.69","-143","ONGOING"
"8fc25790-5eed-3706-9d08-60ffd20e5461","Hruska, Vaclav -6.5","True","1.8","1.8","-125","ONGOING"
"420c62fa-dcd8-3b6d-8414-86336daa0426","Steffan, Jan +6.5","True","1.9009009","1.9","-111","ONGOING"
"3e21ad90-c52a-3a31-acdf-1cdbb66efff0","Hruska, Vaclav +2.5","True","1.45045045","1.45","-222","ONGOING"
"a6a52a36-3342-3bf1-a4f8-ec641f585637","Steffan, Jan -2.5","True","2.5","2.5","150","ONGOING"
"85198dbd-9a08-3413-b705-7098bc64b367","Over 78.5","True","1.847457627","1.84","-118","ONGOING"
"0dc74877-f305-34dd-9b0b-5d95b051ce36","Under 78.5","True","1.847457627","1.84","-118","ONGOING"
"72c27cad-c141-3acb-8f0e-d6b78599a65a","3:1","True","2.55","2.55","155","ONGOING"
"5e79280d-13fe-35b5-9fe8-858d62dced13","3:2","True","2.85","2.85","185","ONGOING"
"d5a8e10e-140c-3354-bbfb-307efe767871","2:3","True","4.35","4.35","335","ONGOING"
"5e3650a8-c0c8-3a5d-bd85-f4b23d622698","1:3","True","3.6","3.6","260","ONGOING"
"0bbf1105-e827-3f63-93fb-01a9e30db502","Over 18.5","True","1.751879699","1.75","-133","ONGOING"
"3d1850ae-b87d-3e7f-9075-262ec9a7c3bb","Under 18.5","True","1.9009009","1.9","-111","ONGOING"
"97728fc4-d6fd-3c00-8085-d5f302aae2e5","Hruska, Vaclav","True","1.9009009","1.9","-111","ONGOING"
"c98b8670-dab7-3e4e-bc92-8e0978f549a3","Steffan, Jan","True","1.847457627","1.84","-118","ONGOING"
"748326b7-1315-386b-a59b-a316ea25e024","Hruska, Vaclav","True","1.549450549","1.54","-182","ONGOING"
"950d2a01-15c4-332b-8a8f-c770117489d6","Steffan, Jan","True","2.3","2.3","130","ONGOING"
"4d647283-9c92-3821-a914-d9699d24bad7","Hruska, Vaclav","True","2.05","2.05","105","ONGOING"
"e9bd2afb-c1c2-3807-b2fa-026f11440773","Steffan, Jan","True","1.699300699","1.69","-143","ONGOING"
"28492a00-dc48-3bd0-98b0-72eabe5e5145","Hruska, Vaclav","True","1.952380952","1.95","-105","ONGOING"
"6755c980-fa2e-3de5-87a2-099ead1922e7","Steffan, Jan","True","1.751879699","1.75","-133","ONGOING"
"2159adcf-998a-3ff9-ad5e-edf4a57b89f3","Hruska, Vaclav","True","1.649350649","1.64","-154","ONGOING"
"de028b08-a873-33db-a841-3a871cfbb6fb","Steffan, Jan","True","2.1","2.1","110","ONGOING"
"a692b0ca-0ad3-370c-8a69-a2625c86cbdb","Spychala, Adrian -0.5","True","2.2","2.2","120","ONGOING"
"40d36938-70d8-3b5a-b8bc-73c28a283733","Sawczak Jr, Milosz +0.5","True","1.598802395","1.59","-167","ONGOING"
"16d8044c-988d-3d68-bca8-0fec3aeccfce","Spychala, Adrian -2.5","True","2.35","2.35","135","ONGOING"
"231e6206-f2e1-3d62-9bc9-58a31b889395","Sawczak Jr, Milosz +2.5","True","1.520833333","1.52","-192","ONGOING"
"efe9055f-03a6-36f7-bf6d-4c6e8d5b9bca","Over 75.5","True","1.847457627","1.84","-118","ONGOING"
"080dde23-bf04-3026-99e1-424247139a0d","Under 75.5","True","1.847457627","1.84","-118","ONGOING"
"87d0225e-7ce1-37f4-a65f-7d7a977d0c81","3:1","True","1.598802395","1.59","-167","ONGOING"
"7b68ce24-ddfd-3f77-bfb7-1a9084cc1fbd","3:2","True","4.15","4.15","315","ONGOING"
"a9ec37da-cf36-3c40-b540-d663df639ee9","2:3","True","3.15","3.15","215","ONGOING"
"0b7e6aba-5680-3566-a38a-db3017a2e7ac","Over 18.5","True","1.8","1.8","-125","ONGOING"
"735967e9-4083-3e4f-9dbe-167472199bf4","Under 18.5","True","1.9009009","1.9","-111","ONGOING"
"19b6c227-13d6-3f5b-b710-a3bc97f4018f","Spychala, Adrian","True","1.699300699","1.69","-143","ONGOING"
"b5564664-8e1c-3141-8571-6930c82ccd3d","Sawczak Jr, Milosz","True","2.05","2.05","105","ONGOING"
"daf89ca7-afbb-3307-9b42-05fe8e5af55a","Spychala, Adrian","True","1.27027027","1.27","-370","ONGOING"
"8aa40eb8-075e-333c-b4d1-98179a2ace58","Sawczak Jr, Milosz","True","3.35","3.35","235","ONGOING"
"2493f66a-0dde-3286-b68b-9826ce15983d","Spychala, Adrian","True","1.598802395","1.59","-167","ONGOING"
"6b876555-82c1-3c08-87ad-90c348d918e9","Sawczak Jr, Milosz","True","2.15","2.15","115","ONGOING"
"d2e56c38-3308-33d4-814d-8a2749378cac","Spychala, Adrian","True","1.649350649","1.64","-154","ONGOING"
"b3dce8ba-ba5f-32e4-9891-549e47916a58","Sawczak Jr, Milosz","True","2.1","2.1","110","ONGOING"
"f3ca8e89-8dda-3749-a51e-d6956f3d6641","Spychala, Adrian","True","2.05","2.05","105","ONGOING"
"6d6a8211-aeca-379b-b1c5-3be91e0f1fb4","Sawczak Jr, Milosz","True","1.699300699","1.69","-143","ONGOING"
"8b389967-a1f5-3854-9c4e-fe5976ada398","Vitasek, Adam -7.5","True","1.751879699","1.75","-133","ONGOING"
"5e59c268-88f6-35ed-83b6-802662bffdb9","Stusek, David +7.5","True","1.952380952","1.95","-105","ONGOING"
"52f56477-b339-3ed9-8759-4e09d5f79fb0","Over 72.5","True","1.847457627","1.84","-118","ONGOING"
"beea539d-fd1a-3450-b73e-66d4b75b451f","Under 72.5","True","1.847457627","1.84","-118","ONGOING"
"0eb40fe9-bf56-398b-beeb-03adec87a050","3:0","True","2.25","2.25","125","ONGOING"
"168921d2-a599-3a69-b349-bc4d79fce489","3:1","True","2.8","2.8","180","ONGOING"
"9820f2e8-1c53-34a7-a920-873cf9f01941","3:2","True","4.4","4.4","340","ONGOING"
"82af49aa-31d5-34ac-8b9f-4648e2269217","2:3","True","5.6","5.6","460","ONGOING"
"0a8603c8-c3dd-35d4-acc2-79e5bd24dc29","1:3","True","6.75","6.75","575","ONGOING"
"73d9ec4d-1b01-30f9-b73a-3e06299b9284","0:3","True","21.0","21.0","2000","ONGOING"
"90747c0c-15c6-3c7c-b60f-9da4369cf9d2","Over 18.5","True","1.952380952","1.95","-105","ONGOING"
"b78902de-5a27-347a-9bdb-824ccd3e3f28","Under 18.5","True","1.751879699","1.75","-133","ONGOING"
"7a265d2f-8531-3998-9ce3-14166530c331","Vitasek, Adam","True","1.120048019","1.12","-833","ONGOING"
"749fb449-749e-344a-901c-76ec149b82bf","Stusek, David","True","5.8","5.8","480","ONGOING"
"9154f680-72dd-3da2-a80d-f5bdb9ebc971","Vitasek, Adam","True","1.27027027","1.27","-370","ONGOING"
"f3f84333-fb50-328c-ae4f-8c6f54203376","Stusek, David","True","3.45","3.45","245","ONGOING"
"a49f9d44-6f12-363a-8c48-cbeda571d2e8","Vitasek, Adam","True","1.1","1.1","-1000","ONGOING"
"b2436635-7a17-3c84-a442-58bb16e1064c","Stusek, David","True","6.0","6.0","500","ONGOING"
"8d12db3e-6e18-3429-b63d-e81739489150","Vitasek, Adam","True","1.952380952","1.95","-105","ONGOING"
"a38c9444-0b0c-3d9c-9f86-1f80d31e0172","Stusek, David","True","1.751879699","1.75","-133","ONGOING"
