"id","name","isTraded","trueOdds","formatDecimal","formatAmerican","status"
"5ae98997-847c-3658-982d-f8bbb8046f84","Langasque, Romain","True","6.75","6.75","575","ONGOING"
"6e335a2f-80e1-3f74-87e3-b3281748020f","Li, Haotong","True","7.75","7.75","675","ONGOING"
"dda6f708-b59a-3f95-ab83-6dd2bf78de43","Guerrier, Julien","True","20.0","20.0","1900","ONGOING"
"a4db9952-591b-3ac1-a2ea-70532205bf63","Paul, Yannik","True","28.0","28.0","2700","ONGOING"
"7ad4847d-93c2-36f9-8c72-3ae08fbbd81d","Soderberg, Sebastian","True","28.0","28.0","2700","ONGOING"
"d32cbec0-c028-3b10-93e1-5a40a6bfe80a","Migliozzi, Guido","True","30.0","30.0","2900","ONGOING"
"f1d6e316-5a16-30c0-97d5-5de4f0ee3d9b","Otaegui, Adrian","True","35.0","35.0","3400","ONGOING"
"7575c001-f7bd-3619-8f47-f00388890bc6","Girrbach, Joel","True","35.0","35.0","3400","ONGOING"
"9f0e4c85-dea8-3caf-bf2e-f91b104e693a","McKibbin, Tom","True","38.0","38.0","3700","ONGOING"
"a2c88620-032d-3ccc-801a-5fb04dbc3b09","Wiesberger, Bernd","True","38.0","38.0","3700","ONGOING"
"e4d5e55a-4037-34de-8fbe-7d78d86efad6","Jarvis, Casey","True","45.0","45.0","4400","ONGOING"
"44d96d55-d3cc-365d-afc1-af2345fa8608","Ramsay, Richie","True","50.0","50.0","4900","ONGOING"
"65b42d27-7892-3749-8177-0ed6c6a06367","Sordet, Clement","True","50.0","50.0","4900","ONGOING"
"acca691a-37e2-3795-b0f6-5e5a1466b09e","Rozner, Antoine","True","50.0","50.0","4900","ONGOING"
"743c03fa-8d2f-39a8-8e9e-87d098974ac3","Lombard, Zander","True","50.0","50.0","4900","ONGOING"
"f8de4f28-c963-3690-b372-c1e501fab94e","Levy, Alexander","True","50.0","50.0","4900","ONGOING"
"a0613976-d925-32a3-8344-a41b6f536d62","Del Rey, Alejandro","True","50.0","50.0","4900","ONGOING"
"3b437fa5-0edd-3ffb-a8c6-9de1886f01a2","Smith, Jordan","True","56.0","56.0","5500","ONGOING"
"d733e29e-2bf5-3497-ab55-55ce262e174e","Svensson, Jesper","True","56.0","56.0","5500","ONGOING"
"341d7dc4-b0c1-3a47-afef-b37c228d573f","Apinbarnrat, Kiradej","True","56.0","56.0","5500","ONGOING"
"96903234-c885-38af-9ca3-803987f2e6b1","Bairstow, Sam","True","56.0","56.0","5500","ONGOING"
"cea737af-af4f-3e21-b8c5-3c6545da25fe","Hillier, Daniel","True","56.0","56.0","5500","ONGOING"
"24d8703f-145a-39a7-996f-95748cf019c7","Veerman, Johannes","True","56.0","56.0","5500","ONGOING"
"99d2ce37-3dc7-3ff2-9666-2f79e85134ea","De Jager, Louis","True","62.0","62.0","6100","ONGOING"
"29e7f8a7-31c7-3307-bb71-3eed62ebc117","Bradbury, Daniel","True","62.0","62.0","6100","ONGOING"
"4196d2d5-5824-37f7-aacd-717e9c164669","Kruyswijk, Jacques","True","68.0","68.0","6700","ONGOING"
"813be2b1-b9c8-377c-97a0-5d62ea48ed5d","Moeller, Niklas Noergaard","True","68.0","68.0","6700","ONGOING"
"af96637f-7c12-3c9a-8846-111c4c82922f","Green, Gavin Kyle","True","68.0","68.0","6700","ONGOING"
"99f61393-d5e0-3339-b5e4-9eae0cd93a77","Sullivan, Andy","True","68.0","68.0","6700","ONGOING"
"08a669ca-ac08-3eed-b6e1-aa279476c18d","Celli, Filippo","True","68.0","68.0","6700","ONGOING"
"59fe286a-e2ab-3b4e-b1e9-23ffcc9ac2e5","Schott, Freddy","True","68.0","68.0","6700","ONGOING"
"734cc9a9-071a-3d75-94f5-dda013b2a2cf","Winther, Jeff","True","72.0","72.0","7100","ONGOING"
"b007b523-8912-37cb-9a5a-47a8caa338e0","Molinari, Edoardo","True","72.0","72.0","7100","ONGOING"
"87f41bb1-5104-3a68-a0ff-4859d817b545","Sharma, Shubhankar","True","72.0","72.0","7100","ONGOING"
"e1dd547c-0f85-3348-adb9-e53dcce37566","Kawamura, Masahiro","True","72.0","72.0","7100","ONGOING"
"2d6032c2-e528-3db4-89c3-66f1ae9374eb","Jamieson, Scott","True","72.0","72.0","7100","ONGOING"
"b04e40b6-9a42-3a96-8695-1d719d33f9a2","Waring, Paul","True","72.0","72.0","7100","ONGOING"
"ef3f35b0-1953-3f79-847c-eaaa0fa56af6","Hill, Callum","True","72.0","72.0","7100","ONGOING"
"1f7f187b-c098-3a2a-b5cd-fe09891d4deb","Southgate, Matthew","True","72.0","72.0","7100","ONGOING"
"5390ede2-f777-36f5-ae96-164303a4affb","Cockerill, Aaron","True","72.0","72.0","7100","ONGOING"
"8aa6c320-d84e-3fa5-89f2-cd5acb6ea275","Helligkilde, Marcus","True","78.0","78.0","7700","ONGOING"
"b4b404ec-993a-313d-93c2-10d5778cd5f8","Elvira, Manuel","True","78.0","78.0","7700","ONGOING"
"385f3a5e-3f89-3b7c-9b6a-57dab10dd4b4","Luiten, Joost","True","78.0","78.0","7700","ONGOING"
"ddb0b7ab-dd3b-38d1-b1a3-e6a90e8b517e","Armitage, Marcus","True","90.0","90.0","8900","ONGOING"
"7ba679f0-25ee-32e2-973e-8b7ba7b6aa2a","Wu, Ashun","True","90.0","90.0","8900","ONGOING"
"54c1f54e-24ae-3b74-a4c4-0434fd755bc8","Law, David","True","90.0","90.0","8900","ONGOING"
"e4d02e2b-7722-3492-8676-dc55e5dc14e7","Elvira, Nacho","True","90.0","90.0","8900","ONGOING"
"5cd8db51-f732-3b79-9f88-17c16ee070d2","Coussaud, Ugo","True","90.0","90.0","8900","ONGOING"
"daafb504-db61-3425-9df0-12c631a15054","Kieffer, Maximilian","False","120.0","120.0","11900","ONGOING"
"6b89d13d-0df3-3040-a932-bc58d1425815","Frittelli, Dylan","True","125.0","125.0","12400","ONGOING"
"9eed5573-7924-3b32-9689-bb931acea2ba","Van Driel, Darius","True","125.0","125.0","12400","ONGOING"
"b04e82de-1413-3390-bba8-9bab83fe129f","Schwab, Matthias","True","125.0","125.0","12400","ONGOING"
"cf6dfe6b-23f7-3f3c-8d70-71bcd1684a2d","Tarrio, Santiago","True","125.0","125.0","12400","ONGOING"
"214f0d23-71ce-3455-ad4b-dd8103b418a6","Cantero Gutierrez, Ivan","True","125.0","125.0","12400","ONGOING"
"30ef22dd-026c-303c-8024-51a6fc5592df","Syme, Connor","True","125.0","125.0","12400","ONGOING"
"368f007c-28f3-3c18-90d2-e0b4fbc33094","Scrivener, Jason","True","125.0","125.0","12400","ONGOING"
"bd281cfc-1a81-38cf-bcf0-3c64007f26e7","Ko, Jeong Weon","True","125.0","125.0","12400","ONGOING"
"15c691e1-fb1a-30d8-85a9-b25ac2eed0b1","Laporta, Francesco","True","125.0","125.0","12400","ONGOING"
"973bd804-6560-3c4b-b74f-bfd079f31a2c","Stone, Brandon","True","125.0","125.0","12400","ONGOING"
"92b38143-dbbd-3f45-89f1-bceb34c79d4e","Jordan, Matthew","True","125.0","125.0","12400","ONGOING"
"54ca50f9-4a51-3a33-bf6b-c29fc7b19781","Forrest, Grant","True","125.0","125.0","12400","ONGOING"
"d2e360e5-6c93-3787-8f14-6a923b189350","Larrazabal, Pablo","True","125.0","125.0","12400","ONGOING"
"44ea8a11-b41c-3412-8e03-79370f234931","Suwannarut, Sarit","True","125.0","125.0","12400","ONGOING"
"3f6f7d70-f751-3510-8092-d5eca4ed3cd6","Morrison, James","True","125.0","125.0","12400","ONGOING"
"fd10654f-426d-3652-8248-79689553625c","Arnaus, Adri","True","145.0","145.0","14400","ONGOING"
"1c2ce0d6-3dc3-308a-964d-e87538be8ece","Lorenzo-Vera, Michael","True","155.0","155.0","15400","ONGOING"
"b403777c-0b58-3cf8-aaa3-2a3865278889","Baldwin, Matthew","False","165.0","165.0","16400","ONGOING"
"f3ae4c68-f30b-39c3-b0e7-f55e69e1ffb6","Vaillant, Tom","True","170.0","170.0","16900","ONGOING"
"e2ab2dc7-e624-3b1e-bb20-2dadde19d06d","Saddier, Adrien","True","180.0","180.0","17900","ONGOING"
"c8c9826d-64ed-3d61-9854-ee6055ae3408","Kho, Taichi","True","180.0","180.0","17900","ONGOING"
"07a7326d-f37c-3927-b393-5709b0e6add3","Pavan, Andrea","True","200.0","200.0","19900","ONGOING"
"8e10abed-a699-3c39-a16b-d6aa0d02e747","Kodaira, Satoshi","True","200.0","200.0","19900","ONGOING"
"0e8a8c36-05db-3007-952f-c0bbc8638495","Scalise, Lorenzo","True","250.0","250.0","24900","ONGOING"
"946f0872-541a-3cb5-8de2-7c79a5b182f3","Fisher, Ross","True","250.0","250.0","24900","ONGOING"
"59d6f294-c748-35c6-b00d-78ca3d1f222d","Strydom, Ockie","True","250.0","250.0","24900","ONGOING"
"69e8c498-1389-3392-af46-445bd028a70c","Long, Hurly","True","250.0","250.0","24900","ONGOING"
"66ee91be-2d61-3ec2-ab16-2bb632ef509e","Hidalgo, Angel","True","250.0","250.0","24900","ONGOING"
"6c60fd87-5674-317e-95ee-0d05e8c02dff","Chen, Guxin","True","250.0","250.0","24900","ONGOING"
"177e9b45-ced2-3950-8585-bcf5ff05db98","Cabrera-Bello, Rafael","True","250.0","250.0","24900","ONGOING"
"2e902db3-c02d-3b6f-9756-47556848b0a2","Wang Jeung-hun","True","250.0","250.0","24900","ONGOING"
"71a8985f-0569-3752-afef-7243010b0716","Nemecz, Lukas","True","250.0","250.0","24900","ONGOING"
"558aba28-5a1b-3999-ac31-a18b6ca265dc","Dantorp, Jens","False","260.0","260.0","25900","ONGOING"
"ad41db5f-ee85-3e36-91b7-54bb1e949b14","Zhou, Yanhan","False","270.0","270.0","26900","ONGOING"
"00537868-1ed9-3ec4-96b6-d3edf6edf0b4","Manassero, Matteo","False","320.0","320.0","31900","ONGOING"
"4d5d4002-742c-30f3-9cb3-1477c89b643c","Colsaerts, Nicolas","False","320.0","320.0","31900","ONGOING"
"abe46e33-0204-3ea8-80db-9ad619aa1589","Gouveia, Ricardo","True","340.0","340.0","33900","ONGOING"
"8cb5d309-aca3-36b7-9ea0-fe3ee507a267","Kinhult, Marcus","True","340.0","340.0","33900","ONGOING"
"acffbd08-5e46-391c-a979-915019fd2680","Besard, Matthis","True","340.0","340.0","33900","ONGOING"
"4825d0a3-925f-31fe-a299-b354f9f592fc","Enefer, William","True","340.0","340.0","33900","ONGOING"
"7deeff0f-e057-3f4b-b520-63848445243e","Zanotti, Fabrizio","True","340.0","340.0","33900","ONGOING"
"56671d2d-7db3-3496-ae46-904ce43f87e7","Jefferson Go, Lloyd","True","390.0","390.0","38900","ONGOING"
"2553aceb-560b-33c3-bdc9-7e63973a47e3","Paratore, Renato","True","390.0","390.0","38900","ONGOING"
"12c43afe-1a02-32d3-970d-40181eae9f26","Lacroix, Frederic","True","480.0","480.0","47900","ONGOING"
"1e1826c7-2898-33fe-9190-fd97fa4dbe15","Gallacher, Stephen","False","590.0","590.0","58900","ONGOING"
"defc029b-010a-3215-9354-07942a2127cb","Fang, Zeqian","False","590.0","590.0","58900","ONGOING"
"9440fbe4-9ca9-3f59-9e54-958c0c3d68bb","Li, Linqiang","False","590.0","590.0","58900","ONGOING"
"0c0d5eb8-c40e-338c-bd13-966a1c370364","Hanna, Chase","True","620.0","620.0","61900","ONGOING"
"4f4158f0-535e-37ec-9a5b-42fbfcb946a5","Kjeldsen, Soren","True","620.0","620.0","61900","ONGOING"
"ca03fea9-5040-32ca-a941-38ed316811c4","Chouhan, Om Prakash","False","630.0","630.0","62900","ONGOING"
"5690230f-2e61-3e1e-8c12-3f0b08c5f52c","Bai, Zheng-Kai","False","630.0","630.0","62900","ONGOING"
"e2dc882b-7a03-3ef3-8d1b-134e70c79165","Penge, Marco","True","670.0","670.0","66900","ONGOING"
"678a7602-3adc-3cc6-b83f-95a9d0406cb2","Zhou, Ziqin","False","710.0","710.0","70900","ONGOING"
"fc564031-b64b-3aae-a900-ea72409b967e","Brun, Julien","True","730.0","730.0","72900","ONGOING"
"b0b422e7-41a6-33ab-926a-c0e6e1c1c14c","Friedrichsen, Sebastian","False","830.0","830.0","82900","ONGOING"
"8643277c-649d-315f-a2ac-7306b0d8a766","Luo, Xue-Wen","False","1000.0","1000.0","99900","ONGOING"
"8fa38af5-9920-313a-9a0e-8315dd7123d3","Blixt, Jonas","False","1000.0","1000.0","99900","ONGOING"
"22d9bbd6-fa56-30b5-8a5e-c49af3717783","Cao, Senshou","False","1000.0","1000.0","99900","ONGOING"
"ee265174-8650-3f5e-99db-caf8c9e2a616","Jian, Chuan-Lin","False","1000.0","1000.0","99900","ONGOING"
"d6dcc050-a5ef-3d86-836e-6b54ac84a75e","Jin, Daxing","False","1000.0","1000.0","99900","ONGOING"
"49300472-6e2f-3cf2-97be-0fc93626aea6","Shao, Minghao","False","1000.0","1000.0","99900","ONGOING"
"2d1c6fd5-0cf7-3f8d-b929-d98dc1f9e84b","Huang, Zijie","False","1000.0","1000.0","99900","ONGOING"
"2de8482f-5142-3f22-b761-447e1406fa3e","Huang, Wen-Yi","False","1000.0","1000.0","99900","ONGOING"
"782f2773-b069-3301-b1ee-e12b814225c2","Shen, Nan-Nan","False","1000.0","1000.0","99900","ONGOING"
"bd5c1a9f-4422-38dc-b07a-9c2270f594c0","She, Zi-Han","False","1000.0","1000.0","99900","ONGOING"
"2a0de91b-d21c-33aa-be9f-94cd9ba492be","Lin, Kuan-Po","False","1000.0","1000.0","99900","ONGOING"
"f36488a9-6055-366a-94ec-4a4cafea74d1","Ye, Jian-Feng","False","1000.0","1000.0","99900","ONGOING"
"af93a968-c6c7-339e-b9f5-b9dd7638e310","Ting, Lawrence","False","1000.0","1000.0","99900","ONGOING"
"ee478337-9e2a-3b93-8958-5089fc747ace","Brixi, Gordan","False","1000.0","1000.0","99900","ONGOING"
"65d9c0c7-5524-38d4-a901-fd04da390181","Syme, Connor ","True","3.85","3.85","285","ONGOING"
"b6d11aee-eaad-3b30-9ebc-7daa22119aff","Tie","True","1.847457627","1.84","-118","ONGOING"
"6a041fa6-04af-3466-888e-6958633203b1","Smith, Jordan","True","3.35","3.35","235","ONGOING"
"ae7c7bbb-5f35-320e-adea-b075a81d05dd","Syme, Connor ","True","2.95","2.95","195","ONGOING"
"72edf819-1f52-30c0-8856-2690655cff25","Tie","True","1.9009009","1.9","-111","ONGOING"
"b1c93208-db9c-32cf-92e5-91af277caa94","Zhang, Lian-Wei","True","4.15","4.15","315","ONGOING"
"b2114240-e237-3c65-a882-2d9d639756a3","Zhang, Lian-Wei ","True","4.5","4.5","350","ONGOING"
"ea458908-e380-3099-a8ae-7fe5e02af548","Tie","True","1.9009009","1.9","-111","ONGOING"
"f086f56c-5924-3a4b-a1a2-060bad7dc6e5","Smith, Jordan","True","2.8","2.8","180","ONGOING"
"29d1931e-848c-34c0-a8a4-caa545e65be2","Syme, Connor","True","2.65","2.65","165","ONGOING"
"5f1c72e3-2cc8-3f73-9eca-e201e87de7eb","Zhang, Lian-Wei","True","3.15","3.15","215","ONGOING"
"3a824712-68df-3dc5-bfb2-d45fd147f00d","Smith, Jordan","True","2.45","2.45","145","ONGOING"
"1331e740-494c-3c40-8208-6146af31a3eb","Diamondbacks","True","12.0","12.0","1100","ONGOING"
"4ba2cf7c-d5ad-36d0-8651-8db7d0b64fe3","Dodgers","False","1.01","1.01","-10000","ONGOING"
"41468c2c-2a15-347c-a98d-eed706b173b1","Yes","True","1.349650349","1.34","-286","ONGOING"
"403615c6-f44a-31d5-a73a-529060241d3d","No","True","3.1","3.1","210","ONGOING"
"98936a6f-2225-33cc-83a5-d3c082203b63","2 Goals","True","2.25","2.25","125","ONGOING"
"f2a58216-9175-3351-a4c9-b1cac2470836","3+ Goals","True","1.520833333","1.52","-192","ONGOING"
"29d89647-ed90-3c48-ac07-7b603008071a","3rd Period","True","3.35","3.35","235","ONGOING"
"e23198ca-64e7-3cc6-ba4f-22745b68af06","Equal","True","1.25","1.25","-400","ONGOING"
"7ed649a0-0d34-3733-ac91-12becff4546a","Yes","True","1.549450549","1.54","-182","ONGOING"
"e99184b4-9376-3c8d-8dd7-c9557034d81c","No","True","2.25","2.25","125","ONGOING"
"ead40cd5-c454-336d-ab58-4a2abeb274ee","Yes","True","3.3","3.3","230","ONGOING"
"23611c9e-03dc-3ee0-b45b-d64d63ba9cf3","No","True","1.27027027","1.27","-370","ONGOING"
"76cae1c9-bf5b-3a56-85f2-6b73529f0e5d","Over 2.5","True","1.555555555","1.55","-180","ONGOING"
"4791febb-840b-3bfa-a082-06ee9798e082","Under 2.5","True","2.3","2.3","130","ONGOING"
"57acdb32-85b2-31ae-be7a-9340d7441b87","Oilers & Yes","True","1.030003","1.03","-3333","ONGOING"
"86392450-9824-3da2-81e9-0fc4ee1fc1a6","Kings & Yes","True","7.5","7.5","650","ONGOING"
"bfd1b4cd-1052-30c6-8df0-5e6e449c400f","Oilers 4:2","True","14.0","14.0","1300","ONGOING"
"f128ec8a-904f-3dbf-96fa-91822176b659","Oilers 5:2","True","5.7","5.7","470","ONGOING"
"a478c2ad-a740-3d0d-be5b-3b1128c0987c","Oilers 4:3","True","10.0","10.0","900","ONGOING"
"6c07e6f6-4026-3e62-bdfd-3bd2335e0a39","Oilers 5:3","True","8.5","8.5","750","ONGOING"
"bb8a7c7b-f193-32e6-9130-8edb52997ec8","Oilers 5:4","True","10.0","10.0","900","ONGOING"
"277d4c70-5bfc-3e35-9049-be0d05004998","Kings 5:4","True","19.0","19.0","1800","ONGOING"
"59f9e48b-3edb-3fbc-9b13-acc9f6afad6f","other","True","1.9009009","1.9","-111","ONGOING"
"57e6a831-779f-36c0-ab5e-42d640bd2eb4","Oilers or Tie","False","1.02","1.02","-5000","ONGOING"
"76da8f2f-6edc-3f9d-ab5e-ed2306359dc7","Oilers or Kings","True","1.069979006","1.06","-1429","ONGOING"
"236fb3d2-9cc2-3ec5-8a89-6473e1ac4ea4","Tie or Kings","True","6.0","6.0","500","ONGOING"
"4f7b61f0-e13f-3ff4-9b0d-02eeb80edf68","6 Goals","True","14.0","14.0","1300","ONGOING"
"c90b9727-5085-3a16-9ce7-247e3d72300c","7 Goals","True","3.7","3.7","270","ONGOING"
"571669e5-6b96-3cf2-bbb4-61e47831596c","8 Goals","True","3.45","3.45","245","ONGOING"
"869df5db-8ef1-3b63-9be7-6618c72aeaa7","9+ Goals","True","1.952380952","1.95","-105","ONGOING"
"09276825-53e5-3762-a8a4-4acd5249e10f","Oilers -2.5","True","1.74074074","1.74","-135","ONGOING"
"dbeb974b-757f-32b0-a0a9-cdd0644b2895","Kings +2.5","True","2.05","2.05","105","ONGOING"
"1c1fb7e5-83a1-393d-878e-9f0d6dd6d358","Oilers","True","1.01","1.01","-10000","ONGOING"
"11ac7c84-9a6b-3288-b609-00980ea0b163","Kings","True","13.0","13.0","1200","ONGOING"
"5ec5479c-1f57-3b2f-a0b7-24c0cc2ecbe2","2nd Period","True","1.179856115","1.17","-556","ONGOING"
"0a4459d1-d889-37e5-88b5-d9659929c723","3rd Period","True","12.0","12.0","1100","ONGOING"
"e7fb2899-85e6-3fff-b900-46a5a131222a","Tie","True","5.8","5.8","480","ONGOING"
"bc8fa80d-06e5-3631-8571-56a2a6f4d710","2nd Period","True","1.1","1.1","-1000","ONGOING"
"f105aa5d-3077-36ff-81ff-bbf66fe7853f","3rd Period","True","23.0","23.0","2200","ONGOING"
"f6a21930-1430-327c-acef-41cc602a571a","Equal","True","5.7","5.7","470","ONGOING"
"e31e577d-327e-3090-895e-3f6cd8ebcdb2","Yes","True","1.25","1.25","-400","ONGOING"
"20673a3b-6247-348a-9425-2fdb978e5397","No","True","3.55","3.55","255","ONGOING"
"afb1304c-5f1c-371d-8c2a-6680aa98f945","Over 5.5","True","2.0","2.0","100","ONGOING"
"d04b5493-fda0-36e4-8678-b51676acc559","Under 5.5","True","1.714285714","1.71","-140","ONGOING"
"c0d85618-6e83-3f81-8ea1-43c837f83e5c","Oilers","True","1.699300699","1.69","-143","ONGOING"
"a16035b7-944e-3f9a-94a5-df93d9260145","Neither","True","14.0","14.0","1300","ONGOING"
"59695b76-0445-396f-b685-4b769fa737fe","Kings","True","2.2","2.2","120","ONGOING"
"adc38224-aa61-3a66-95c9-db77dae9565c"," Over 8.5","True","2.35","2.35","135","ONGOING"
"bc592840-b45e-33ad-824a-f5b218958f6e","Under 8.5","True","1.526315789","1.52","-190","ONGOING"
"e1897e81-ce65-3460-8a82-54d3ee28cf6f","Oilers","True","1.1","1.1","-1000","ONGOING"
"f997e54a-f068-3176-8ade-30ce11367c71","Tie","True","7.25","7.25","625","ONGOING"
"455c7387-5b71-3eba-b446-9777c9e0ffe0","Kings","True","34.0","34.0","3300","ONGOING"
"50bce2d0-29d2-34a6-af1f-4d456aa3d4b4","Oilers","True","1.04","1.04","-2500","ONGOING"
"8f7423ad-03b9-3e11-830f-8a85d6ae30b2","Kings","True","9.25","9.25","825","ONGOING"
"56f6a9fd-1709-3057-81d6-f9544772c79f","Over 5.5","True","2.05","2.05","105","ONGOING"
"6bd87f13-cf1d-376e-a81e-fec0d01207b0","Under 5.5","True","1.689655172","1.68","-145","ONGOING"
"ded81c67-88b2-3367-9d47-a6cec506e136","Over 2.5","True","1.555555555","1.55","-180","ONGOING"
"117897e2-af44-3ee1-a9db-bda4b48b830b","Under 2.5","True","2.3","2.3","130","ONGOING"
"f3385686-5adf-38d7-84f9-3cd248d4d5b3","Over 8.5","True","2.0","2.0","100","ONGOING"
"7e79ba0a-b8de-3ae3-851b-0d2b1d1b0859","Under 8.5","True","1.714285714","1.71","-140","ONGOING"
"3bb42be0-cae3-3ffe-b974-5d95029fbc2a","Oilers & Over 3.5","True","1.090009","1.09","-1111","ONGOING"
"2cbcf3eb-7b48-3502-9edc-436660773096","Tie & Over 3.5","True","6.5","6.5","550","ONGOING"
"c090f12b-e0b8-339c-b60c-c54fd0ca22b3","Kings & Over 3.5","True","30.0","30.0","2900","ONGOING"
"4d998d5f-9a06-3598-9067-6ccc2c6189e7","Oilers & Over 5.5","True","1.090009","1.09","-1111","ONGOING"
"a992f5f2-b54c-3257-9306-65227b8d8aa9","Tie & Over 5.5","True","6.5","6.5","550","ONGOING"
"608281f1-9fde-3d8d-a647-9fe260118c61","Kings & Over 5.5","True","30.0","30.0","2900","ONGOING"
"8060d0d6-7850-3cee-9f04-1be59c649ced","Oilers & Over 7.5","True","1.571428571","1.57","-175","ONGOING"
"42a7e233-41c4-3a2f-9862-096b63c82ebe","Oilers & Under 7.5","True","3.0","3.0","200","ONGOING"
"c3709769-e740-3053-b29d-5baff3cc6009","Tie & Over 7.5","True","8.0","8.0","700","ONGOING"
"9f726211-045a-3535-a79e-27860aa068d6","Kings & Over 7.5","True","40.0","40.0","3900","ONGOING"
"20687002-ee06-338c-8742-190e69ddf9b3","Oilers By 1","True","4.35","4.35","335","ONGOING"
"80bba544-fc36-39ba-8891-274ce8e7f941","Oilers By 2","True","4.2","4.2","320","ONGOING"
"90193582-9072-3f24-8e22-a240822657a7","Oilers By 3 Or More","True","1.649350649","1.64","-154","ONGOING"
"21ff2e3f-9b85-39f5-933c-00b587e79ddf","Kings By 1","True","13.5","13.5","1250","ONGOING"
"73eca939-2fb8-3532-9b7d-4ea7604af73e","Kings By 2","True","50.0","50.0","4900","ONGOING"
"93e5dcf4-9466-3c9d-93e1-b9030123a78e","Kings By 3 Or More","True","50.0","50.0","4900","ONGOING"
"5ea47589-71c2-3db9-b0ef-bf56ece3201b","Oilers","True","1.699300699","1.69","-143","ONGOING"
"827238ff-85ee-3a2c-984f-7ff6f35aa68d","Neither","True","14.0","14.0","1300","ONGOING"
"451767bb-8d67-3c4e-9575-4fec2846bb8c","Kings","True","2.2","2.2","120","ONGOING"
"7d0c5d72-60a2-3b0a-a46d-de9395cc3fce","Yes","True","3.7","3.7","270","ONGOING"
"e9e1dd96-5af4-31b1-8b53-23f7b38e9fc9","No","True","1.25","1.25","-400","ONGOING"
"7d20e143-9eb9-3207-9f52-b9d2a56f43b5","0 Goals","True","2.3","2.3","130","ONGOING"
"facea277-3e68-3671-914d-7994eba33452","1 Goal","True","2.55","2.55","155","ONGOING"
"5c873b2d-33c4-3404-87fb-c178d60bac3f","2 Goals","True","4.75","4.75","375","ONGOING"
"c9efc217-33a6-30e2-b8c5-dbb86f67765e","3+ Goals","True","13.5","13.5","1250","ONGOING"
"3d5fc205-971e-3893-b9f9-e0d684cbf43c","Over 0.5","True","1.549450549","1.54","-182","ONGOING"
"92f0535f-d9f2-357e-9d75-f2a2c4f02e7e","Under 0.5","True","2.25","2.25","125","ONGOING"
"7ac95ba9-5399-319a-b5d1-672fdfd5c5ff","Yes","True","2.15","2.15","115","ONGOING"
"05f3628a-0fe5-3d8a-9098-0e26d399d31c","No","True","1.649350649","1.64","-154","ONGOING"
"ddbe92a6-af53-36ac-ad7f-eadf20ea6865","0:0","True","13.5","13.5","1250","ONGOING"
"0ea5f7fc-e3ca-3096-9d51-eebc07cc4bfe","Oilers 1:0","True","5.4","5.4","440","ONGOING"
"b696e603-50d6-39e3-975f-09f98d5f83c2","Oilers 2:0","True","5.3","5.3","430","ONGOING"
"5a46a3c5-ba2f-3bcc-ad14-674377b438f2","Kings 1:0","True","9.5","9.5","850","ONGOING"
"3f915a30-3899-3bc4-8777-284d4eb05162","1:1","True","8.0","8.0","700","ONGOING"
"cfc0d52e-55d2-3b31-b688-570d61b6c4db","Oilers 2:1","True","7.25","7.25","625","ONGOING"
"dee071dc-4c76-3247-9a3b-39462691b453","Kings 2:0","True","10.5","10.5","950","ONGOING"
"4519fe49-fd72-314c-ab65-a6513136042a","Kings 2:1","True","19.0","19.0","1800","ONGOING"
"223cfbab-ecbf-3013-a4af-5f7e268cb101","2:2","True","24.0","24.0","2300","ONGOING"
"f417cad5-c90c-31fc-98d1-0fc2ac3d4e66","other","True","4.1","4.1","310","ONGOING"
"d0b9ee04-aa75-3f0c-9e00-41d12e0bb97f","Oilers or Tie","True","1.219780219","1.21","-455","ONGOING"
"3084ea61-2711-3379-94b0-1ffc0bbcd3d0","Oilers or Kings","True","1.140056022","1.14","-714","ONGOING"
"cc7325a5-4d47-3018-87f1-e9d0a00daf95","Tie or Kings","True","1.952380952","1.95","-105","ONGOING"
"fa93986b-dc3e-307f-aaf6-fc888f30042b","Oilers","True","1.37037037","1.37","-270","ONGOING"
"9eb4f21d-c142-31bf-900c-e41b76b2d9f4","Kings","True","2.75","2.75","175","ONGOING"
"399a3f28-d37f-3edf-8888-38f792a6b21b","0 Goals","True","14.5","14.5","1350","ONGOING"
"031a8417-305b-31cf-92f2-11929d0e550a","1 Goal","True","3.85","3.85","285","ONGOING"
"24a7c4e8-a8ac-3d4f-9d3c-4432bd716c5a","2 Goals","True","2.8","2.8","180","ONGOING"
"96df6fe4-e029-3e38-9dcb-90396fc7ac95","3 Goals","True","4.6","4.6","360","ONGOING"
"ef67e9f3-63cb-3bef-a2f8-da34a31acc55","4+ Goals","True","4.6","4.6","360","ONGOING"
"2f4ed1f2-affa-3cad-bfc5-3f5e21316cc2","Oilers -1.5","True","3.3","3.3","230","ONGOING"
"52bdae03-1a49-35a7-bc64-36a793a82698","Kings +1.5","True","1.294117647","1.29","-340","ONGOING"
"8a2ae1c2-29a5-3e7b-857d-600651517204","Yes","True","2.3","2.3","130","ONGOING"
"dbd5b905-f879-3f35-b198-edccdab63420","No","True","1.571428571","1.57","-175","ONGOING"
"e0eaaf4a-daa5-3f35-acf8-3808ff6fcfad","Over 1.5","True","2.0","2.0","100","ONGOING"
"7176369d-a30d-3b6d-926e-15de9233cda4","Under 1.5","True","1.699300699","1.69","-143","ONGOING"
"45fd2563-e218-3ece-b32d-a46be7dbe559","Neither","True","14.5","14.5","1350","ONGOING"
"9a82160a-cf0a-35ed-8361-52ae11d8b49e","Only Oilers","True","2.65","2.65","165","ONGOING"
"6d865f79-174f-3226-b4dd-9cc5a3e48fff","Only Kings","True","4.95","4.95","395","ONGOING"
"09528fc1-eba9-3828-8cca-c2a3b9e415a7","Both","True","2.1","2.1","110","ONGOING"
"4c21a7b0-a9d2-33c2-9ea9-cc98c061940d","Oilers","True","1.751879699","1.75","-133","ONGOING"
"cd1367ab-9455-3e6d-b4f9-2b74a30beadd","Neither","True","14.5","14.5","1350","ONGOING"
"5d4ee9d8-c975-3aea-9289-2dffc320584b","Kings","True","2.25","2.25","125","ONGOING"
"3c9b59ed-4dbb-3344-a39d-810ffb3ea1df","Clippers +28.5","True","1.869565217","1.86","-115","ONGOING"
"b7e888e9-7884-3933-9f9d-612b29cf6f82","Mavericks -28.5","True","1.869565217","1.86","-115","ONGOING"
"9fa701b8-ada5-322f-bd85-9fe11b8ecd12","Over 211.5","True","1.74074074","1.74","-135","ONGOING"
"39b04d9d-a7ca-3b96-b697-392e25728ee4","Under 211.5","True","2.05","2.05","105","ONGOING"
"5b9c914f-0eeb-36d1-b0a5-569404aebf44","Clippers","True","14.5","14.5","1350","ONGOING"
"51438b2c-c791-3985-98f7-d52283fc545f","Mavericks","False","1.01","1.01","-10000","ONGOING"
"33566c44-0a85-3625-8469-6ea042e4ffc4","Clippers +18.5","True","1.847457627","1.84","-118","ONGOING"
"2fffd333-eb89-3e91-be7e-3a466d347544","Mavericks -18.5","True","1.847457627","1.84","-118","ONGOING"
"b26a8887-63e6-33b0-b751-c855d3e1bbff","Clippers","True","40.0","40.0","3900","ONGOING"
"e316ad92-08ba-3b93-a6c9-f24ce6811f14","Tie","True","18.5","18.5","1750","ONGOING"
"cf23a02d-04a6-3b9f-9d7a-4c4d90f44f11","Mavericks","False","1.01","1.01","-10000","ONGOING"
"45811649-a7d7-3328-9169-042a5d0075c9","Clippers +8.5","True","1.833333333","1.83","-120","ONGOING"
"1d6b68f6-c01e-35b5-b3e6-95cab1e0d816","Mavericks -8.5","True","1.819672131","1.81","-122","ONGOING"
"71ebc7d0-2e97-33f8-b9b7-55adacc127ed","Clippers","True","13.0","13.0","1200","ONGOING"
"0c524704-9991-3ac1-b35c-1086ca9e25ab","Mavericks","False","1.02","1.02","-5000","ONGOING"
"5fe4c16e-5ef7-3f64-b26b-81c0190b22bd","Clippers By More Than 10","True","100.0","100.0","9900","ONGOING"
"6eef0f74-38bd-3fc2-a922-f72a477ab61d","Clippers From 6 To 10","True","100.0","100.0","9900","ONGOING"
"bb62277e-f5d2-3341-85a1-2304c0f219ff","Clippers From 1 To 5","True","100.0","100.0","9900","ONGOING"
"b634840c-d899-306b-a1ca-903a1c8be48c","Mavericks From 1 To 5","True","100.0","100.0","9900","ONGOING"
"6b0650a6-f224-348d-bd00-469def702664","Mavericks From 6 To 10","True","5.3","5.3","430","ONGOING"
"172829bb-069c-375f-ba11-481b7d244a83","Mavericks By More Than 10","False","1.01","1.01","-10000","ONGOING"
"024e6164-a34a-3b34-a1f7-c4d9f208ed82","Clippers","True","9.5","9.5","850","ONGOING"
"2dc64f96-396d-3a55-aa72-0b5d1e30e9a5","Mavericks","False","1.02","1.02","-5000","ONGOING"
"dcf57c71-c512-3760-a689-0d3f12c31eae","Yes","True","2.85","2.85","185","ONGOING"
"692350f6-e60e-3af9-a23a-dd7f5b81c714","No","True","1.349650349","1.34","-286","ONGOING"
"b5323369-57e6-35b1-adc1-ad81e404591f","Lee, Ya-Hsuan","True","1.8","1.8","-125","ONGOING"
"e62b4a4e-d221-3710-b4a9-e9e35b04235c","Kuramochi, Miho","True","1.8","1.8","-125","ONGOING"
"026c5962-b1fe-3d0c-8cdf-575c2dadb478","Lee, Ya-Hsuan","True","3.75","3.75","275","ONGOING"
"0693eeb2-84c6-3877-92c2-05b72073a0d5","Tie","True","1.9009009","1.9","-111","ONGOING"
"3b65d4e7-64fe-317c-a78b-d8ab9453f1c3","Kuramochi, Miho","True","3.55","3.55","255","ONGOING"
"efa62f29-2370-3747-9e8d-5b2a5919719a","Lee, Ya-Hsuan +0.5","True","1.884955752","1.88","-113","ONGOING"
"2ef79623-503e-3b5e-a098-66dfa0dc02d5","Kuramochi, Miho -0.5","True","1.833333333","1.83","-120","ONGOING"
"1d843c75-bcf6-34f1-938b-e257fe5d32dc","Lee, Ya-Hsuan","True","2.55","2.55","155","ONGOING"
"c7805923-7b61-31e8-8548-fc3436609b59","Kuramochi, Miho","True","1.420168067","1.42","-238","ONGOING"
"4a1c4a5b-5879-3216-9ce4-b98dff50daba","Lee, Ya-Hsuan","True","1.9009009","1.9","-111","ONGOING"
"e8dbe3ec-5de5-3353-aa67-786cfacbf4bd","Kuramochi, Miho","True","1.8","1.8","-125","ONGOING"
"f5772d8c-b34e-3068-9d1a-73de99364ec3","Over 28.5","True","1.598802395","1.59","-167","ONGOING"
"1639edf7-85ad-379a-96bb-3d8f8a8c78db","Under 28.5","True","2.1","2.1","110","ONGOING"
"7e717695-9372-3240-9e12-1658d683ce76","Lee, Ya-Hsuan Win to 0","True","14.0","14.0","1300","ONGOING"
"769be974-a5f9-3cfb-af70-e54e9f38cece","Lee, Ya-Hsuan Win to 15","True","7.0","7.0","600","ONGOING"
"2d41c661-7da0-3408-8478-88b212aed83a","Lee, Ya-Hsuan Win  to 30","True","5.5","5.5","450","ONGOING"
"9c65aed6-e2ec-3170-9924-5a0f881b9fbc","Lee, Ya-Hsuan Win to 40","True","5.5","5.5","450","ONGOING"
"efa3914d-e850-3520-967b-26043b7e3a33","Kuramochi, Miho Win to 0","True","11.0","11.0","1000","ONGOING"
"f1029a37-32c7-30f1-94c5-356a0889b274","Kuramochi, Miho Win to 15","True","6.25","6.25","525","ONGOING"
"325ad209-7daa-38ce-ba10-a730ee8c5629","Kuramochi, Miho Win to 30","True","5.2","5.2","420","ONGOING"
"f98d5aa7-6022-39d6-a268-51eae7a75a1f","Kuramochi, Miho Win to 40","True","5.4","5.4","440","ONGOING"
"526b2eea-84e8-37c9-beeb-3338cebcabc3","Lee, Ya-Hsuan","True","2.1","2.1","110","ONGOING"
"575b7a8a-1111-36ec-b128-60a137b123a0","Kuramochi, Miho","True","1.598802395","1.59","-167","ONGOING"
"31729847-3614-33cc-b00e-05f60fd2295f","Over 15.5","True","1.869565217","1.86","-115","ONGOING"
"08106aa8-428e-35c8-8786-044408a47ec2","Under 15.5","True","1.8","1.8","-125","ONGOING"
"994f8799-15c3-3d4d-8aa2-af33c3cf71e1","Over 14.5","True","1.454545454","1.45","-220","ONGOING"
"8c3d6c90-73e4-3958-b9b8-b0a5bd559574","Under 14.5","True","2.5","2.5","150","ONGOING"
"02fdbcbc-2cb3-3123-b339-9d305f7dc105","Yes","True","5.5","5.5","450","ONGOING"
"c4959cbb-b126-33be-be20-473befb37e63","No","True","1.1","1.1","-1000","ONGOING"
"13ec95ed-a067-35d0-ba0b-992272210146","Lee, Ya-Hsuan 6:2 Kuramochi, Miho ","True","16.0","16.0","1500","ONGOING"
"7bc2366d-dac8-3018-921d-c1dcc0f4cc50","Lee, Ya-Hsuan 6:3 Kuramochi, Miho ","True","7.5","7.5","650","ONGOING"
"b49a10f1-38d4-3d33-b598-e1de1f76ef40","Lee, Ya-Hsuan 6:4 Kuramochi, Miho ","True","6.25","6.25","525","ONGOING"
"6a8e474f-aa34-38bc-8e08-6a4e06f4f453","Lee, Ya-Hsuan 7:5 Kuramochi, Miho ","True","11.5","11.5","1050","ONGOING"
"092dd52a-2403-3cf6-b0b3-41cd9ef00c11","Lee, Ya-Hsuan 7:6 Kuramochi, Miho ","True","12.0","12.0","1100","ONGOING"
"84c5caf6-4f25-38cb-b73d-f1160a990bd4","Lee, Ya-Hsuan 2:6 Kuramochi, Miho ","True","7.25","7.25","625","ONGOING"
"e764a716-c0c9-3f43-b0b6-782351854a01","Lee, Ya-Hsuan 3:6 Kuramochi, Miho ","True","5.2","5.2","420","ONGOING"
"1c95f29b-2dec-3b8b-9862-7da4027f3179","Lee, Ya-Hsuan 4:6 Kuramochi, Miho ","True","5.0","5.0","400","ONGOING"
"0d3292dc-f986-3f87-a89f-0b91d3954c5f","Lee, Ya-Hsuan 5:7 Kuramochi, Miho ","True","11.0","11.0","1000","ONGOING"
"584d1357-2161-3a4d-9b09-6cccf3ce7620","Lee, Ya-Hsuan 6:7 Kuramochi, Miho ","True","12.0","12.0","1100","ONGOING"
"592f5974-893c-36ee-a71c-f3dbff961296","4 Points","True","6.5","6.5","550","ONGOING"
"0a57268a-15b3-3ab2-84ce-c56e849818c7","5 Points","True","3.45","3.45","245","ONGOING"
"b6f9cf36-1894-3063-84d9-d42bffaee337","6 Points","True","2.8","2.8","180","ONGOING"
"7e87e584-767c-309d-8230-951303097afd","7+ Points","True","2.85","2.85","185","ONGOING"
"8a6ae775-cef9-33cf-84ca-345f7afa1505","Lee, Ya-Hsuan","True","1.869565217","1.86","-115","ONGOING"
"98508cd0-9205-3c2c-a231-0d827477b96d","Kuramochi, Miho","True","1.8","1.8","-125","ONGOING"
"1c89b493-3cd2-3887-a41a-7a674d49d1d7","Lee, Ya-Hsuan","True","2.55","2.55","155","ONGOING"
"b6a0b4f6-b7df-3b30-bde0-526bac2f1fe6","Kuramochi, Miho","True","1.420168067","1.42","-238","ONGOING"
"f5c2228b-23fe-3bfa-b7ed-06b803a6d870","Lee, Ya-Hsuan","True","2.2","2.2","120","ONGOING"
"7dc64a43-a86c-3e89-8edf-1bea54e50363","Kuramochi, Miho","True","1.571428571","1.57","-175","ONGOING"
"0590d575-c2ba-331c-a9b2-8bb7bea17fc6","Lee, Ya-Hsuan","True","2.15","2.15","115","ONGOING"
"42d6b5ec-84e4-32e6-8830-890d2767585a","Kuramochi, Miho","True","1.598802395","1.59","-167","ONGOING"
"5dd3bd10-7ced-3303-8491-a32269c82c1a","Yes","True","5.5","5.5","450","ONGOING"
"4e90397b-e564-3897-920b-9c077110f0ab","No","True","1.1","1.1","-1000","ONGOING"
"6fb26877-a15a-3b57-b8ab-e0928bd5221e","Yes","True","2.3","2.3","130","ONGOING"
"fa8618c5-6a14-3508-a810-37405fd07ef4","No","True","1.526315789","1.52","-190","ONGOING"
"18e80d1e-9f54-3aa5-8b49-88d150fd8725","Yes","True","4.45","4.45","345","ONGOING"
"bbc5b0fd-f1c6-3eb6-9509-3312bc1d0b8f","No","True","1.16","1.16","-625","ONGOING"
"c82ab7da-1b4f-3a79-a578-771a3573e806","Yes","True","3.8","3.8","280","ONGOING"
"ed83836d-8448-33ce-8637-4dfaa0d5e0a9","No","True","1.219780219","1.21","-455","ONGOING"
"27787d9f-7041-3fc7-81bc-7c652c2040d9","Yes","True","2.9","2.9","190","ONGOING"
"4c4da9f6-b63b-3999-97e0-b13a0b603fed","No","True","1.349650349","1.34","-286","ONGOING"
"fae9d42a-83b1-3348-bb68-c6c5103a8552","Jang, Su Jeong","True","1.598802395","1.59","-167","ONGOING"
"9a18ecc7-abe3-3093-a53d-f344f72de01a","Miyazaki, Yuriko Lily","True","2.0","2.0","100","ONGOING"
"3768893d-5fcf-309a-b7bb-db9346ad21a3","Jang, Su Jeong","True","4.3","4.3","330","ONGOING"
"a6d9a5b0-05ee-3521-a4ac-1e5a9bd55c1b","Tie","True","1.9009009","1.9","-111","ONGOING"
"deb39204-77c0-33aa-9bb7-57186a87f119","Miyazaki, Yuriko Lily","True","3.1","3.1","210","ONGOING"
"2ef8b42a-2eab-30e1-a3c2-ef4d38dcba40","Jang, Su Jeong -4.5","True","1.64516129","1.64","-155","ONGOING"
"bed76ac6-cdc1-36c1-a813-b5a0e81c6ef4","Miyazaki, Yuriko Lily +4.5","True","2.12","2.12","112","ONGOING"
"df17eac7-8124-3af2-90da-4a0bdaa98bfd","Jang, Su Jeong -1.5","True","1.819672131","1.81","-122","ONGOING"
"307ab269-e650-3279-8dc1-44cc3fa79d63","Miyazaki, Yuriko Lily +1.5","True","1.854700854","1.85","-117","ONGOING"
"592b6a68-a196-32d2-ad9b-90cf50564bd1","Jang, Su Jeong","True","1.219780219","1.21","-455","ONGOING"
"d121ebfc-f2f1-3ef0-875d-7cdefa1bf9b4","Miyazaki, Yuriko Lily","True","3.75","3.75","275","ONGOING"
"b750049d-e93c-33ea-aa4c-418f8d724c66","Jang, Su Jeong","True","2.25","2.25","125","ONGOING"
"011809d8-f4de-3fef-8cac-b13595dc288a","Miyazaki, Yuriko Lily","True","1.549450549","1.54","-182","ONGOING"
"030fc3b0-da57-3974-bdff-be15cbb00933","Over 21.5","True","1.847457627","1.84","-118","ONGOING"
"f5dcfe0a-2156-360e-ba64-235b6c89397c","Under 21.5","True","1.8","1.8","-125","ONGOING"
"b98c8e6a-a3a4-3a62-81f3-1743f96f9289","Jang, Su Jeong -1.5","True","1.526315789","1.52","-190","ONGOING"
"ac707a62-c716-36be-a867-f77bd4b75a20","Miyazaki, Yuriko Lily +1.5","True","2.3","2.3","130","ONGOING"
"92ba8f36-3845-30ce-abf1-863b6040c90a","Yes","True","3.8","3.8","280","ONGOING"
"5ed3969c-b5e9-3c60-8da1-b55260935f14","No","True","1.219780219","1.21","-455","ONGOING"
"adeb98f5-ac12-3b7d-ad4c-275711fa66de","Yes","True","1.219780219","1.21","-455","ONGOING"
"d03ac3ee-a959-3c86-a9b8-f1726278ce6a","No","True","3.8","3.8","280","ONGOING"
"7bdf8cee-8d0c-37b6-84a4-164bb4129107","Jang, Su Jeong Win to 0","True","18.5","18.5","1750","ONGOING"
"d16bf70f-0402-3979-b23b-cb17f6ba4397","Jang, Su Jeong Win to 15","True","8.75","8.75","775","ONGOING"
"77dd0322-384c-3360-bbd5-b15c90976970","Jang, Su Jeong Win  to 30","True","6.5","6.5","550","ONGOING"
"95539bb8-4552-33d8-8d01-49e99882c923","Jang, Su Jeong Win to 40","True","6.5","6.5","550","ONGOING"
"550ed289-a615-3a4f-8fd4-ae9182ca8d03","Miyazaki, Yuriko Lily Win to 0","True","8.5","8.5","750","ONGOING"
"06aaf61e-c7bb-3008-96da-2951fc563713","Miyazaki, Yuriko Lily Win to 15","True","5.3","5.3","430","ONGOING"
"623a3896-144f-3407-a426-bc9db3470cda","Miyazaki, Yuriko Lily Win to 30","True","4.65","4.65","365","ONGOING"
"01fb126d-7fdf-33f4-9a68-a054ed220183","Miyazaki, Yuriko Lily Win to 40","True","5.0","5.0","400","ONGOING"
"24502b30-e913-3baa-8e84-0a61f2d972d1","Jang, Su Jeong  2-0 Miyazaki, Yuriko Lily ","True","1.520833333","1.52","-192","ONGOING"
"ffc0a2a7-2bc8-3370-80ec-588e108b0c90","Jang, Su Jeong 2-1 Miyazaki, Yuriko Lily ","True","4.75","4.75","375","ONGOING"
"17718f99-8293-3a4a-8728-aff473afb50b","Jang, Su Jeong 1-2 Miyazaki, Yuriko Lily ","True","3.9","3.9","290","ONGOING"
"e6e62d7c-dfe1-350b-b9c7-d86024540250","Over 2.5","True","2.3","2.3","130","ONGOING"
"71e0c2f0-c57d-3855-b02b-a09cedb6b606","Under 2.5","True","1.555555555","1.55","-180","ONGOING"
"00e2e1de-4009-3d21-af26-b5893a3a3db8","Over 10.5","True","2.35","2.35","135","ONGOING"
"0f4a6f44-ca09-33f4-aa6f-ca1d57fa6125","Under 10.5","True","1.476190476","1.47","-210","ONGOING"
"d3affe7f-74d3-386b-91bd-3541aeb17709","Jang, Su Jeong","True","1.520833333","1.52","-192","ONGOING"
"e847ccae-6e8c-33fe-bab3-ab610cd21c2f","Miyazaki, Yuriko Lily","True","2.25","2.25","125","ONGOING"
"d3d28905-3b41-307c-8606-e31170b430d3","Jang, Su Jeong","True","1.2","1.2","-500","ONGOING"
"cfaddc76-3c0e-30a5-aba1-7d2fb3613208","Miyazaki, Yuriko Lily","True","3.7","3.7","270","ONGOING"
"c41fc3dd-8550-3829-b26d-0acf9c6078f1","Over 12.5","True","1.74074074","1.74","-135","ONGOING"
"5b3a3317-ea33-37f1-be24-78b21326f472","Under 12.5","True","1.934579439","1.93","-107","ONGOING"
"ea4092f6-0301-37a2-9277-d1fa9b55bdb5","Over 8.5","True","1.854700854","1.85","-117","ONGOING"
"7ac056db-466f-3e8c-bea0-26420dcb5a6a","Under 8.5","True","1.819672131","1.81","-122","ONGOING"
"f19ee129-1fa3-3f7f-a107-22c095b98383","Yes","True","3.7","3.7","270","ONGOING"
"b8177279-b21a-3dd0-b9e1-27cc1c21af63","No","True","1.222222222","1.22","-450","ONGOING"
"6451805c-de93-34f7-91e2-ebf071e0c4da","Jang, Su Jeong & Over 21.5","True","3.1","3.1","210","ONGOING"
"dcdd89ab-a260-3407-8d7d-5390ad1a154f","Miyazaki, Yuriko Lily & Over 21.5","True","4.0","4.0","300","ONGOING"
"7c0cad47-2bc6-389d-8dc3-0f1ff72c2251","Jang, Su Jeong & Under 21.5","True","1.8","1.8","-125","ONGOING"
"931e9ed2-b26e-348e-bb9b-c85ec439f131","Jang, Su Jeong 6:3 Miyazaki, Yuriko Lily ","True","3.85","3.85","285","ONGOING"
"170e3978-52f8-3bef-8c5c-e30e3e98664e","Jang, Su Jeong 6:4 Miyazaki, Yuriko Lily ","True","4.5","4.5","350","ONGOING"
"28c5a4b1-9ec4-3f16-b465-9309c91bf49c","Jang, Su Jeong 7:5 Miyazaki, Yuriko Lily ","True","8.25","8.25","725","ONGOING"
"46a66605-9002-3847-a737-b523f208a56d","Jang, Su Jeong 7:6 Miyazaki, Yuriko Lily ","True","8.0","8.0","700","ONGOING"
"77cf00be-2868-3438-bf08-fc92c2b0c262","Jang, Su Jeong 3:6 Miyazaki, Yuriko Lily ","True","15.0","15.0","1400","ONGOING"
"700fc599-22f2-3923-b815-597ff67bd522","Jang, Su Jeong 4:6 Miyazaki, Yuriko Lily ","True","4.9","4.9","390","ONGOING"
"2933a703-3ac1-3789-b476-8b28fd3a654a","Jang, Su Jeong 5:7 Miyazaki, Yuriko Lily ","True","10.0","10.0","900","ONGOING"
"7582fcf8-c1da-3d2c-913c-353d1c9a3699","Jang, Su Jeong 6:7 Miyazaki, Yuriko Lily ","True","9.5","9.5","850","ONGOING"
"232e9768-0b87-3a27-bd94-6e9ce8bb0042","4 Points","True","6.0","6.0","500","ONGOING"
"d0608cd5-1b1b-3721-9e08-0d978d5254b8","5 Points","True","3.4","3.4","240","ONGOING"
"c7a722fb-275a-3820-8829-c67a89242e52","6 Points","True","2.85","2.85","185","ONGOING"
"b87fca19-89a1-35d3-b0b4-8499142b15a9","7+ Points","True","2.95","2.95","195","ONGOING"
"ccf7f72d-5d3d-35e4-9d91-61206d8e6a20","Jang, Su Jeong","True","2.1","2.1","110","ONGOING"
"4d341520-d98e-3cdb-999a-e5c833a9cebe","Miyazaki, Yuriko Lily","True","1.666666666","1.66","-150","ONGOING"
"26086e0d-f2dc-3fb5-bedf-94b050e1f688","Jang, Su Jeong","True","1.219780219","1.21","-455","ONGOING"
"6127b86d-1137-3dc4-a31f-36b5a506e56c","Miyazaki, Yuriko Lily","True","3.75","3.75","275","ONGOING"
"50f19257-172d-3c61-8dd7-3f59d16817f9","Jang, Su Jeong","True","1.4","1.4","-250","ONGOING"
"6c8f4985-3aae-3b3e-8424-36e7fb42d3e2","Miyazaki, Yuriko Lily","True","2.7","2.7","170","ONGOING"
"b5a80d02-6cbc-3385-94eb-59498e77fdd1","Yes","True","4.1","4.1","310","ONGOING"
"317c240b-4d74-3def-a7f7-a4944797f60e","No","True","1.181818181","1.18","-550","ONGOING"
"bace8f20-bbc9-3833-966c-886bdab3e97c","Yes","True","1.25","1.25","-400","ONGOING"
"72f76876-d03b-36e1-8566-9a73dd9d84ce","No","True","4.0","4.0","300","ONGOING"
"b1724656-abc6-3b12-bbba-b8864c26626c","Lajal, Mark -0.5","True","2.45","2.45","145","ONGOING"
"94dabde5-488e-39a2-a131-3a9247a2c236","Cressy, Maxime +0.5","True","1.555555555","1.55","-180","ONGOING"
"aaf594cd-8f4e-365d-b079-f92a6de111ad","Lajal, Mark +2.5","False","2.02","2.02","102","ONGOING"
"b79628f3-c95d-37b2-9e83-05ed8c527350","Cressy, Maxime -2.5","False","1.666666666","1.66","-150","ONGOING"
"6cc75bd8-2985-3489-8a5f-d0d2fd502c5b","Lajal, Mark -2.5","False","2.0","2.0","100","ONGOING"
"06669992-af02-3ce6-bd7f-a0c30277ba0c","Cressy, Maxime +2.5","False","1.666666666","1.66","-150","ONGOING"
"3ba1f3eb-7080-36d4-af55-a1d0657c61b9","Lajal, Mark -0.5","True","2.15","2.15","115","ONGOING"
"56a7f91f-a181-3d87-88e2-fdfaa59bdedd","Cressy, Maxime +0.5","True","1.64516129","1.64","-155","ONGOING"
"3e1c7d99-e475-31e5-a82c-fa763b1edaf8","Lajal, Mark","False","1.909090909","1.9","-110","ONGOING"
"c90efc94-1135-3777-8426-e66954d2c7d6","Cressy, Maxime","False","1.8","1.8","-125","ONGOING"
"304d3f53-5e85-35bd-9125-fa17c8385efe","Lajal, Mark","True","5.8","5.8","480","ONGOING"
"5fac127e-c2a1-3cea-a40a-c66f8dc0cce2","Cressy, Maxime","True","1.1","1.1","-1000","ONGOING"
"1c52925f-1873-32f0-a443-3ffc96386201","Over 24.5","True","2.05","2.05","105","ONGOING"
"21b13d7f-7763-3e52-aea2-f94c3bc12e27","Under 24.5","True","1.74074074","1.74","-135","ONGOING"
"a2c5a4b2-4d9d-3b98-bc4d-11341f7d5da0","Over 27.5","False","1.934579439","1.93","-107","ONGOING"
"d11ea9d2-bcb7-3dab-9b21-0f334f961f4b","Under 27.5","False","1.714285714","1.71","-140","ONGOING"
"aabdd03e-867e-3357-99dd-c305018ec610","Yes","False","1.384615384","1.38","-260","ONGOING"
"ee4932d6-b71d-3177-beee-273d5ef19488","No","False","2.8","2.8","180","ONGOING"
"2e42e3d5-6113-32f6-80f2-4e7166c8aef4","Over 2.5","False","1.384615384","1.38","-260","ONGOING"
"40d649cd-ea91-3b73-af6d-c2ed43d9303e","Under 2.5","False","2.8","2.8","180","ONGOING"
"c7e984c3-2e71-302b-a127-954ffc5ace43","Over 10.5","True","2.5","2.5","150","ONGOING"
"761ec41e-df07-3de4-8509-7f38025ac4c2","Under 10.5","True","1.526315789","1.52","-190","ONGOING"
"efa8ef43-3e1f-3eff-812e-e401763c3553","Over 12.5","True","3.1","3.1","210","ONGOING"
"643dd1bd-1adf-3efa-be1b-57b7132ce095","Under 12.5","True","1.357142857","1.35","-280","ONGOING"
"7560902f-2555-3bfc-b5ea-ca17930f77de","Over 9.5","False","1.666666666","1.66","-150","ONGOING"
"9f5cc2de-3d02-30ff-a875-e130e074f5f0","Under 9.5","False","2.0","2.0","100","ONGOING"
"b7aa28fd-a998-3bc9-b097-c7255596bcf9","Lajal, Mark","False","1.384615384","1.38","-260","ONGOING"
"7f72ac8e-ed54-38d7-aa4f-e7b7c9515be8","Cressy, Maxime","False","2.7","2.7","170","ONGOING"
"4dde7d55-b925-3826-ba14-68aed5688204","Lajal, Mark","False","2.8","2.8","180","ONGOING"
"c4b405d5-938a-3c80-a240-85e7229f4e20","Cressy, Maxime","False","1.357142857","1.35","-280","ONGOING"
"762fabe0-6073-3186-8b74-083e2704a59a","Lajal, Mark 0:6 Cressy, Maxime ","True","81.0","81.0","8000","ONGOING"
"7b01edaf-68de-3d25-9c49-334edf2641e8","Lajal, Mark 1:6 Cressy, Maxime ","True","19.0","19.0","1800","ONGOING"
"380f2d09-6dd2-3924-8af8-1bc502f76674","Lajal, Mark 2:6 Cressy, Maxime ","True","15.0","15.0","1400","ONGOING"
"1806241f-29ad-30f9-b38a-8c3eee66afc3","Lajal, Mark 3:6 Cressy, Maxime ","True","5.5","5.5","450","ONGOING"
"c8762073-1ee6-3021-9e73-2fae7e416b39","Lajal, Mark 4:6 Cressy, Maxime ","True","8.5","8.5","750","ONGOING"
"9eaff666-3ed7-3aab-a7df-aed026076a10","Lajal, Mark 5:7 Cressy, Maxime ","True","15.0","15.0","1400","ONGOING"
"1031d0c7-af33-37dc-a27a-1b9d30beb9f1","Lajal, Mark 6:7 Cressy, Maxime ","True","6.5","6.5","550","ONGOING"
"617f51af-3f89-3fab-9c40-ebdd14988758","Lajal, Mark 6:0 Cressy, Maxime ","True","101.0","101.0","10000","ONGOING"
"549fd77d-7401-3451-a181-29e1241b75c2","Lajal, Mark  6:1 Cressy, Maxime ","True","41.0","41.0","4000","ONGOING"
"1389c3ae-ba91-396c-82fe-aace44cae6cf","Lajal, Mark 6:2 Cressy, Maxime ","True","15.0","15.0","1400","ONGOING"
"30704c62-4425-3487-92d3-d2f2310e5f06","Lajal, Mark 6:3 Cressy, Maxime ","True","12.0","12.0","1100","ONGOING"
"2ed5c737-df0b-3628-b42b-e61ca33e6f3a","Lajal, Mark 6:4 Cressy, Maxime ","True","6.0","6.0","500","ONGOING"
"265a5680-3f0d-3622-a68c-2f14718ff35b","Lajal, Mark 7:5 Cressy, Maxime ","True","17.0","17.0","1600","ONGOING"
"220700d9-32b1-3fac-bb56-a5fd631da14a","Lajal, Mark 7:6 Cressy, Maxime ","True","7.5","7.5","650","ONGOING"
"866a0f1c-874e-3ba2-af29-805012098466","Yes","True","5.8","5.8","480","ONGOING"
"35aa2701-f524-3539-abab-c08319432654","No","True","1.090009","1.09","-1111","ONGOING"
"a164fe17-e161-394e-8355-ce7e74d61211","Yes","True","1.090009","1.09","-1111","ONGOING"
"c5ea49bc-b393-3004-8794-a503cd1485fe","No","True","5.8","5.8","480","ONGOING"
"493b8b67-b375-3e80-ae32-5d3fb7dd72e6","Yes","True","3.2","3.2","220","ONGOING"
"68941910-7ef8-3f46-ac12-1b40d8721a4b","No","True","1.3003003","1.3","-333","ONGOING"
"8fd2531d-3d1e-36ae-a95f-e5b44dfac29f","Fung S / Hewitt D","True","2.15","2.15","115","ONGOING"
"2832280a-a676-3e5d-bbc1-fadd69019e8d","Okamura K / Shimizu A","True","1.520833333","1.52","-192","ONGOING"
"ddbac95f-71b3-3b92-b434-d55cf14ddb86","Fung S / Hewitt D","True","5.5","5.5","450","ONGOING"
"97f4194d-f333-36e7-b137-a12336ef39c7","Tie","True","1.952380952","1.95","-105","ONGOING"
"5982702a-7014-3f45-bd2b-f319475ce633","Okamura K / Shimizu A","True","2.6","2.6","160","ONGOING"
"05ca005c-6ac7-3b58-8b75-452721d2cc76","Fung S / Hewitt D +2.5","True","1.487804878","1.48","-205","ONGOING"
"d60817f2-e267-3638-bea4-efd1db7476b7","Okamura K / Shimizu A -2.5","True","2.4","2.4","140","ONGOING"
"bed67332-1f9c-39db-950c-2570f6b79c2f","Fung S / Hewitt D","False","1.02","1.02","-5000","ONGOING"
"b742eee3-a39a-31f8-b6d8-8e7042af6cd1","Okamura K / Shimizu A","True","9.75","9.75","875","ONGOING"
"20410c63-7161-3ca3-92b8-309455a0a4fa","Fung S / Hewitt D","True","2.9","2.9","190","ONGOING"
"b1f2d2c0-ce8e-3929-a335-60c1b2202469","Okamura K / Shimizu A","True","1.349650349","1.34","-286","ONGOING"
"5b831207-6af4-3ef1-be3a-dc6431388b9e","Over 19.5","True","1.469483568","1.46","-213","ONGOING"
"2dfc6ec8-635a-3fd3-8a6e-3371fc30dea5","Under 19.5","True","2.4","2.4","140","ONGOING"
"345a8138-849e-36eb-9044-a0cbe197335e","Fung S / Hewitt D +1.5","True","3.4","3.4","240","ONGOING"
"7a9bc982-56bc-332e-b882-74317d858a32","Okamura K / Shimizu A -1.5","True","1.25","1.25","-400","ONGOING"
"3e3df621-5336-3393-abc5-0cd174162a0d","Yes","True","3.4","3.4","240","ONGOING"
"2f260cfd-5864-3ede-8858-73a55e3828d5","No","True","1.25","1.25","-400","ONGOING"
"8638f36d-85e6-363a-9aeb-1c5663095e43","Yes","True","5.7","5.7","470","ONGOING"
"06f6a0b7-8028-334b-8072-3093ecb8924c","No","True","1.090009","1.09","-1111","ONGOING"
"3d3c057e-0839-3dde-b488-33f06942145f","Yes","True","5.8","5.8","480","ONGOING"
"ee31dffe-7a5b-335f-8a9f-27d3717989e9","No","True","1.090009","1.09","-1111","ONGOING"
"ec54b64b-d25d-3140-a164-6ed9cc39c65c","Fung S / Hewitt D Win to 0","True","31.0","31.0","3000","ONGOING"
"05cbab95-a98a-3a2b-b7d2-de0f31495e04","Fung S / Hewitt D Win to 15","True","13.0","13.0","1200","ONGOING"
"d3c21998-df70-3d14-a655-cd4e2883525e","Fung S / Hewitt D Win  to 30","True","8.75","8.75","775","ONGOING"
"8cc12d52-7afc-3269-8557-71b17adb7428","Fung S / Hewitt D Win to 40","True","7.25","7.25","625","ONGOING"
"72a53ba5-3230-3202-be57-4b5c72f94733","Okamura K / Shimizu A Win to 0","True","5.9","5.9","490","ONGOING"
"8883e876-8ee7-3353-889f-7d81de718e5c","Okamura K / Shimizu A Win to 15","True","4.1","4.1","310","ONGOING"
"aa37692d-6226-388e-96a2-bc53d0762e36","Okamura K / Shimizu A Win to 30","True","4.1","4.1","310","ONGOING"
"9eaf781f-af31-37fc-9f36-2f9d9c4dd84c","Okamura K / Shimizu A Win to 40","True","5.5","5.5","450","ONGOING"
"8f760fea-9e8a-3f85-b7ec-626b95812324","Fung S / Hewitt D 2-1 Okamura K / Shimizu A ","True","6.5","6.5","550","ONGOING"
"807e9dd4-2aa8-36fc-8b1b-39a8a4376afa","Fung S / Hewitt D 1-2 Okamura K / Shimizu A ","True","6.25","6.25","525","ONGOING"
"f7fb98e3-8798-3f2e-8dfb-3d8b400a00bd","Fung S / Hewitt D 0-2 Okamura K / Shimizu A ","True","1.25","1.25","-400","ONGOING"
"09645d04-5447-3848-a0c8-37ddd3c198ec","Over 2.5","True","3.55","3.55","255","ONGOING"
"bf889515-ef02-3e16-a8ac-2d7bf5e99624","Under 2.5","True","1.25","1.25","-400","ONGOING"
"18e0bc14-01e5-33e7-b243-0683942249bf","Over 9.5","True","1.588235294","1.58","-170","ONGOING"
"97603a44-7503-3285-8937-4abd26287599","Under 9.5","True","2.12","2.12","112","ONGOING"
"1906be2a-f238-3d59-b492-03dfbf76f249","Fung S / Hewitt D","True","3.4","3.4","240","ONGOING"
"28916b60-4be3-3458-836e-6899f8de586d","Okamura K / Shimizu A","True","1.25","1.25","-400","ONGOING"
"3cf6b531-5fdd-3771-873b-a1f3fd378088","Fung S / Hewitt D","True","5.6","5.6","460","ONGOING"
"87bf3036-d6c2-3e5b-8c1f-b1141362f810","Okamura K / Shimizu A","True","1.090009","1.09","-1111","ONGOING"
"6740143a-fb82-3c80-9c96-27f2228356d5","Fung S / Hewitt D & Over 19.5","True","7.0","7.0","600","ONGOING"
"ad7c03ca-567f-380e-b0f1-0d6f0659af28","Okamura K / Shimizu A & Over 19.5","True","1.8","1.8","-125","ONGOING"
"dcaa670f-42fb-3509-94b4-c1221a506f1b","Okamura K / Shimizu A & Under 19.5","True","2.4","2.4","140","ONGOING"
"ed18cfdb-4962-3a4c-adc7-96f2c0193091","Fung S / Hewitt D 6:3 Okamura K / Shimizu A ","True","16.5","16.5","1550","ONGOING"
"6d719539-28d9-37b4-a8d8-8a93bd3c0b4a","Fung S / Hewitt D 6:4 Okamura K / Shimizu A ","True","11.5","11.5","1050","ONGOING"
"7e4acde4-17e4-3aeb-9a63-44f231755b57","Fung S / Hewitt D 7:5 Okamura K / Shimizu A ","True","14.0","14.0","1300","ONGOING"
"44363c11-f62f-35b5-a970-ff6eea3e0b4d","Fung S / Hewitt D 7:6 Okamura K / Shimizu A ","True","11.5","11.5","1050","ONGOING"
"03d5fe48-6a11-3af0-8e19-3471d9f61c52","Fung S / Hewitt D 1:6 Okamura K / Shimizu A ","True","50.0","50.0","4900","ONGOING"
"0e892506-61cd-31fb-a2f7-e7255d91c0ac","Fung S / Hewitt D 2:6 Okamura K / Shimizu A ","True","4.3","4.3","330","ONGOING"
"1461c623-9e03-37fb-9b22-d91adc9f2670","Fung S / Hewitt D 3:6 Okamura K / Shimizu A ","True","4.85","4.85","385","ONGOING"
"e17ba62e-cf5d-3585-889e-e620380eb18f","Fung S / Hewitt D 4:6 Okamura K / Shimizu A ","True","3.2","3.2","220","ONGOING"
"cb00799d-6a74-386e-873d-c6ae15a2854f","Fung S / Hewitt D 5:7 Okamura K / Shimizu A ","True","13.5","13.5","1250","ONGOING"
"6ee78433-3349-3978-9422-d12c0b65186b","Fung S / Hewitt D 6:7 Okamura K / Shimizu A ","True","11.5","11.5","1050","ONGOING"
"5a402685-2873-3e55-bf8e-0eaec493dffc","4 Points","True","5.1","5.1","410","ONGOING"
"9a3b5681-4721-38cf-9b14-c443bb9fc479","5 Points","True","3.25","3.25","225","ONGOING"
"a11dc714-869d-3d36-97fd-bf6e9f30d865","6 Points","True","2.9","2.9","190","ONGOING"
"2b395988-d681-3140-b9ee-f984daf96eb9","7+ Points","True","3.3","3.3","230","ONGOING"
"53169170-b67b-3cd0-b676-63218b074ca4","Fung S / Hewitt D","True","2.5","2.5","150","ONGOING"
"b4116ba0-c0df-32ed-ab9b-e67efd5fa493","Okamura K / Shimizu A","True","1.454545454","1.45","-220","ONGOING"
"c859eef6-fcc6-3bd5-876b-6a62b998a525","Fung S / Hewitt D","True","4.1","4.1","310","ONGOING"
"ca751cd9-c7a7-3a0f-bb9b-0a228e4dc951","Okamura K / Shimizu A","True","1.179856115","1.17","-556","ONGOING"
"3b0a98ea-392f-308e-b4bf-5b13f066f9b4","Fung S / Hewitt D","True","3.3","3.3","230","ONGOING"
"d256d5fa-d40e-3763-bbca-927c68d8c60a","Okamura K / Shimizu A","True","1.27027027","1.27","-370","ONGOING"
"d495380e-4e12-32a1-85aa-3ee556a3828f","Yes","True","5.2","5.2","420","ONGOING"
"79cecc04-a132-359a-94ba-960350063381","No","True","1.111111111","1.11","-900","ONGOING"
"0cdf4277-c5d7-3522-9a07-757573f5fedd","Bai, Zheng-Kai ","True","4.35","4.35","335","ONGOING"
"3c5fbc88-e9fd-377e-9ad6-a56a5a83accb","Tie","True","1.751879699","1.75","-133","ONGOING"
"98ddefc0-3a46-3fc4-8d48-4f163e5951aa","De Jager, Louis","True","3.4","3.4","240","ONGOING"
"38dbb7fd-a2fa-3ef4-9912-6888ebcc82b7","Bai, Zheng-Kai ","True","4.75","4.75","375","ONGOING"
"3e769fcf-81cb-35f0-a352-08eabaa22095","Tie","True","1.751879699","1.75","-133","ONGOING"
"e086429a-f597-3bc8-be85-3ae66a96b7dc","Wiesberger, Bernd","True","3.15","3.15","215","ONGOING"
"e310a242-8e3f-31f3-acc6-4ee041923680","Wiesberger, Bernd ","True","3.55","3.55","255","ONGOING"
"dec46d0c-6ad9-3dd9-89a5-f90b56e3c171","Tie","True","1.751879699","1.75","-133","ONGOING"
"6613e0a9-fe00-3c6a-ae4e-75fb817308b9","De Jager, Louis","True","4.15","4.15","315","ONGOING"
"94b10c51-c71f-3e47-8040-c80daa05ff66","Bai, Zheng-Kai","True","3.05","3.05","205","ONGOING"
"39c6e788-f485-3562-a254-84f4685a0aa7","Wiesberger, Bernd","True","2.5","2.5","150","ONGOING"
"86e043e3-f00a-3c1c-bc7c-f13f68887a4f","De Jager, Louis","True","2.7","2.7","170","ONGOING"
"4ecffe51-5a74-3a48-b4cb-4764b738df24"," Bai, Zheng-Kai ","True","3.75","3.75","275","ONGOING"
"dd568068-c07b-30f1-a410-4252c90aba7c","Tie","True","2.05","2.05","105","ONGOING"
"9faf14f7-2db4-337b-81f1-60dc5973a031"," De Jager, Louis ","True","2.9","2.9","190","ONGOING"
"2c15bc42-3e95-3d68-8ef1-eb72e9462b75"," Bai, Zheng-Kai ","True","4.05","4.05","305","ONGOING"
"54342893-09ec-3ee0-b8bf-42e292a48cb8","Tie","True","2.15","2.15","115","ONGOING"
"936d8f01-ee05-330f-8684-0d44093f0883"," Wiesberger, Bernd ","True","2.6","2.6","160","ONGOING"
"dce7102c-88a8-38c4-ac93-8c37fbc79b45"," Wiesberger, Bernd ","True","2.85","2.85","185","ONGOING"
"364b6c01-8c75-3ab7-a6b4-b9a0b05b00fe","Tie","True","2.2","2.2","120","ONGOING"
"de3a7921-d6dc-3fec-9e9b-22c0aa9c5602"," De Jager, Louis ","True","3.4","3.4","240","ONGOING"
"14e1019b-694c-351c-a3ee-b6beb3ae1125"," Bai, Zheng-Kai ","True","3.05","3.05","205","ONGOING"
"8c382bce-a618-38fb-a533-a8232e35bac6","Tie","True","1.9009009","1.9","-111","ONGOING"
"18848660-ef51-300b-81c4-f35eb5666902"," De Jager, Louis ","True","4.1","4.1","310","ONGOING"
"4c1477d7-8259-36e6-8833-1ce7ba421666"," Bai, Zheng-Kai ","True","2.9","2.9","190","ONGOING"
"3122ac2f-b35b-389c-a1ba-e9b010032b1b","Tie","True","1.847457627","1.84","-118","ONGOING"
"6aa94436-094f-32ad-b14f-059e1ab36387"," Wiesberger, Bernd ","True","4.7","4.7","370","ONGOING"
"ba0f3a1d-a118-38f9-b176-2afe04aa78cf"," Wiesberger, Bernd ","True","4.25","4.25","325","ONGOING"
"07398c3b-bdca-32d4-b947-9bc5587c8f07","Tie","True","1.751879699","1.75","-133","ONGOING"
"90af4ddc-8993-3d31-b9fc-2e3d1b2cb5d7"," De Jager, Louis ","True","3.5","3.5","250","ONGOING"
"cfdd10de-f96a-3386-9165-d50f56dd2f4a"," Bai, Zheng-Kai ","True","2.75","2.75","175","ONGOING"
"133a9503-ec86-3ca5-ba65-ec8d2006c2cd","Tie","True","2.7","2.7","170","ONGOING"
"8d330e2f-4611-3306-a5ab-303bdd58436d"," De Jager, Louis ","True","2.75","2.75","175","ONGOING"
"145479bf-fdf0-3d90-a02d-9e1304d232b8"," Bai, Zheng-Kai ","True","2.7","2.7","170","ONGOING"
"a47df2fb-5ce4-3354-a9a1-07d4650ea0d7","Tie","True","2.7","2.7","170","ONGOING"
"fcbafa1b-eb8b-3e8f-a352-723f36286890"," Wiesberger, Bernd ","True","2.8","2.8","180","ONGOING"
"a1051993-0911-3a00-8cf7-73f5228dc1d8"," Wiesberger, Bernd ","True","2.8","2.8","180","ONGOING"
"e1975170-e77c-37a4-bf9b-0d1e813f8dbf","Tie","True","2.7","2.7","170","ONGOING"
"79adb897-fa2d-331d-827f-64250ec5e332"," De Jager, Louis ","True","2.7","2.7","170","ONGOING"
"2828cff0-4762-378a-a0a8-7ed15ab08378","Bai, Zheng-Kai","True","3.45","3.45","245","ONGOING"
"aa55167b-7c86-34cb-9539-edf3a91d6450","Wiesberger, Bernd","True","2.3","2.3","130","ONGOING"
"f2ac2ab2-a650-37c1-aae5-f5cdfcdc9169","De Jager, Louis","True","2.65","2.65","165","ONGOING"
"009ad0da-593d-3166-a287-7ff207850f85","Bai, Zheng-Kai","True","3.25","3.25","225","ONGOING"
"13406a1e-5044-3536-8bf1-9b1d18aa0cf0","Wiesberger, Bernd","True","2.4","2.4","140","ONGOING"
"451d60a6-9dae-3bfa-bdef-13389fe51b63","De Jager, Louis","True","2.7","2.7","170","ONGOING"
"571cc289-e519-39ff-b8cb-f01184b9eb26","Bai, Zheng-Kai","True","2.7","2.7","170","ONGOING"
"b8e4b9f5-9432-3ff1-b156-7c3519f16dc8","Wiesberger, Bernd","True","2.75","2.75","175","ONGOING"
"e56ffd51-af39-3ce1-96df-98d4c80e6f7c","De Jager, Louis","True","2.7","2.7","170","ONGOING"
"74ca9f69-d359-377d-9c6e-a05a52a21dd4","Yes","True","1.854700854","1.85","-117","ONGOING"
"b359afee-10a7-3964-b964-d3b3099f6c13","No","True","1.819672131","1.81","-122","ONGOING"
"c5a71d91-7756-3da4-b2a4-d39e7fe76bb9","Yes","True","4.15","4.15","315","ONGOING"
"5a8f263f-39fa-3dd6-be43-00e6924b35ad","No","True","1.179856115","1.17","-556","ONGOING"
"7f649411-0b85-34a5-a9d2-79eb496de5f2","Yes","True","2.9","2.9","190","ONGOING"
"7a95898e-9c5b-33bc-a633-efc4faac25a5","No","True","1.349650349","1.34","-286","ONGOING"
"4518040e-239a-3bc9-937f-233dcce2aeba","Yes","True","2.95","2.95","195","ONGOING"
"a0b5ca9f-58b0-3b4d-84f4-d2700c65d9f2","No","True","1.349650349","1.34","-286","ONGOING"
"af990413-8060-3ed4-b46d-8e0d2f54ac21","Kumkhum L / Plipuech P/Kumkhum L / Plipuech P","True","1.45045045","1.45","-222","ONGOING"
"d062b024-fa73-3e7b-803a-ade779699607","Ito A / Sema E/Kumkhum L / Plipuech P","True","13.0","13.0","1200","ONGOING"
"5c729477-6b45-3c93-8320-0d8b420b008d","Kumkhum L / Plipuech P/Ito A / Sema E","True","6.5","6.5","550","ONGOING"
"1cf21434-b415-3849-9191-2e3f049e03fe","Ito A / Sema E/Ito A / Sema E","True","4.5","4.5","350","ONGOING"
"e045392b-4fba-337b-983d-466620b794d1","Kumkhum L / Plipuech P","True","1.549450549","1.54","-182","ONGOING"
"a71dbfe2-7395-344d-bfea-0672d485636c","Ito A / Sema E","True","2.1","2.1","110","ONGOING"
"eccf75e4-57b0-3dcf-94af-8627d35ba3c2","Kumkhum L / Plipuech P","True","4.4","4.4","340","ONGOING"
"44957e07-5e25-3e23-b08e-0c396ced107f","Tie","True","1.9009009","1.9","-111","ONGOING"
"be91e205-ca51-3b64-a855-744d8f3e717d","Ito A / Sema E","True","3.1","3.1","210","ONGOING"
"6734fd1a-718e-32ca-9b07-d94dfe589f07","Kumkhum L / Plipuech P -2.5","True","2.05","2.05","105","ONGOING"
"b13d3148-c16c-3517-af55-0d6998807c42","Ito A / Sema E +2.5","True","1.666666666","1.66","-150","ONGOING"
"0b3f071f-de31-3825-8a0f-775be7fcebe2","Kumkhum L / Plipuech P","True","1.37037037","1.37","-270","ONGOING"
"e40a49b1-1e58-3275-bc7c-caaad1a13e41","Ito A / Sema E","True","2.8","2.8","180","ONGOING"
"2b5771f3-3e72-3243-a012-296f8f185e3d","Kumkhum L / Plipuech P","True","2.25","2.25","125","ONGOING"
"beec2ff4-bc2e-3b0e-8b93-7dd12c02655f","Ito A / Sema E","True","1.549450549","1.54","-182","ONGOING"
"c6a5d5cd-9777-3227-922e-6b6827a35d43","Over 19.5","True","2.0","2.0","100","ONGOING"
"29ab8ef6-9446-3c4d-bac6-d5edcc5263bf","Under 19.5","True","1.699300699","1.69","-143","ONGOING"
"5ffe2aa4-f01d-3731-a63b-1575c453a08b","Kumkhum L / Plipuech P -1.5","True","1.819672131","1.81","-122","ONGOING"
"446f82b6-caa8-3bd9-9892-c6f38b642403","Ito A / Sema E +1.5","True","1.854700854","1.85","-117","ONGOING"
"87613cb1-0547-3110-843a-eca11371da1e","Kumkhum L / Plipuech P +1.5","True","1.1","1.1","-1000","ONGOING"
"12c3394a-0e14-394f-8464-6f66f2a92b77","Ito A / Sema E -1.5","True","5.5","5.5","450","ONGOING"
"87168334-f60e-362b-b850-c45f7c6c626f","Yes","True","1.1","1.1","-1000","ONGOING"
"e0b78a1e-17a7-3846-b887-24787fbe2275","No","True","5.5","5.5","450","ONGOING"
"b58144e9-048f-3804-bfcb-746323810c5c","Yes","True","4.5","4.5","350","ONGOING"
"71636a02-40f9-30ab-ad65-4bc86a6d6d2b","No","True","1.149925037","1.14","-667","ONGOING"
"87bd243c-67c2-3f71-89b3-97596f8ac551","Yes","True","1.349650349","1.34","-286","ONGOING"
"8f0bd126-63a7-3b81-bc8d-0327a9ef86d3","No","True","2.9","2.9","190","ONGOING"
"c6e98eb0-aa67-368b-b691-f27429c7bd8b","2 Sets","True","1.469483568","1.46","-213","ONGOING"
"d3c7d337-5c20-3e86-9b09-57420b178783","3 Sets","True","2.45","2.45","145","ONGOING"
"cacc7ac0-ab0f-3f59-acad-7dd3edfaf8f8","Kumkhum L / Plipuech P Win to 0","True","19.0","19.0","1800","ONGOING"
"8ddd989c-c1f1-36ee-85df-b7ac85cf553a","Kumkhum L / Plipuech P Win to 15","True","8.75","8.75","775","ONGOING"
"879b5b39-14e0-3a29-bb68-b19684a7c797","Kumkhum L / Plipuech P Win  to 30","True","6.5","6.5","550","ONGOING"
"ca7ea26d-e271-3753-aef2-6c6a620f64f3","Kumkhum L / Plipuech P Win to 40","True","6.0","6.0","500","ONGOING"
"adaa293b-e820-3e4e-8719-b63e18053ba1","Ito A / Sema E Win to 0","True","8.5","8.5","750","ONGOING"
"d9f9ec2d-1990-3099-9aac-5b6f92cda8bc","Ito A / Sema E Win to 15","True","5.2","5.2","420","ONGOING"
"d499abc1-923b-39d4-9f55-ba827d593924","Ito A / Sema E Win to 30","True","4.6","4.6","360","ONGOING"
"87806a36-8de0-334a-8d7a-e120ea721ab5","Ito A / Sema E Win to 40","True","5.4","5.4","440","ONGOING"
"a6f14184-42c3-327c-8c00-3918b97db139","Kumkhum L / Plipuech P  2-0 Ito A / Sema E ","True","1.8","1.8","-125","ONGOING"
"86ab622f-66b2-34a4-b61f-c3bf5c109bda","Kumkhum L / Plipuech P 2-1 Ito A / Sema E ","True","4.35","4.35","335","ONGOING"
"ca80ce37-b6b9-3d8b-8ae4-b4010c9aea85","Kumkhum L / Plipuech P 1-2 Ito A / Sema E ","True","4.85","4.85","385","ONGOING"
"021f7287-4cf1-3130-95e2-8be31b3961a2","Kumkhum L / Plipuech P 0-2 Ito A / Sema E ","True","6.5","6.5","550","ONGOING"
"ffc9e09d-6ee3-301d-8e71-0051ef78066a","Over 2.5","True","2.45","2.45","145","ONGOING"
"241d43b4-5938-3281-a1c5-afdac08fc8d1","Under 2.5","True","1.487804878","1.48","-205","ONGOING"
"335d36d1-8fca-35d7-8182-a6902b0f8792","Over 9.5","True","1.909090909","1.9","-110","ONGOING"
"b017fd05-6b1d-3b24-b4fa-39b048588b26","Under 9.5","True","1.74074074","1.74","-135","ONGOING"
"cc57f2f8-db67-3015-aecd-931e12a3cfee","Kumkhum L / Plipuech P","True","1.25","1.25","-400","ONGOING"
"f57e7aa9-2717-381b-ac51-7ba102efe542","Ito A / Sema E","True","3.4","3.4","240","ONGOING"
"7d2aaafd-69c5-3db8-9957-4538127257ff","Kumkhum L / Plipuech P","True","1.5","1.5","-200","ONGOING"
"aecc3ab3-8554-3193-bd41-4854d155d1a3","Ito A / Sema E","True","2.3","2.3","130","ONGOING"
"1c0b706b-339c-33e1-a277-15791f36ee2b","Kumkhum L / Plipuech P","True","1.349650349","1.34","-286","ONGOING"
"e3af783d-c0d2-36ea-8e91-05edcc95f7bf","Ito A / Sema E","True","2.85","2.85","185","ONGOING"
"96b8946a-d96d-3948-9688-7b0b56746121","Kumkhum L / Plipuech P & Over 19.5","True","3.0","3.0","200","ONGOING"
"5f00ec4b-0ac4-3e14-929a-220d21240a09","Ito A / Sema E & Over 19.5","True","4.95","4.95","395","ONGOING"
"487edeb2-6b13-3c10-97ea-4b9ae257e855","Kumkhum L / Plipuech P & Under 19.5","True","2.15","2.15","115","ONGOING"
"792e280e-ad42-3653-bfa1-994a50527703","Ito A / Sema E & Under 19.5","True","6.5","6.5","550","ONGOING"
"2d1fd019-740d-3c11-94e5-03fcf353ac8a","Kumkhum L / Plipuech P  6:1 Ito A / Sema E ","True","9.25","9.25","825","ONGOING"
"f5c616a2-4ba6-3566-94c0-9eaa8b27ed58","Kumkhum L / Plipuech P 6:2 Ito A / Sema E ","True","3.85","3.85","285","ONGOING"
"7fecb10f-1e6d-357f-bb4f-625ba64fa569","Kumkhum L / Plipuech P 6:3 Ito A / Sema E ","True","5.5","5.5","450","ONGOING"
"3ca0e11b-479d-3805-91c4-3f5b3ace864e","Kumkhum L / Plipuech P 6:4 Ito A / Sema E ","True","4.05","4.05","305","ONGOING"
"866dd696-8a66-30cf-bff1-145fddb8b669","Kumkhum L / Plipuech P 7:5 Ito A / Sema E ","True","14.0","14.0","1300","ONGOING"
"518c0ca4-6c28-31db-ba52-f1025f628f99","Kumkhum L / Plipuech P 7:6 Ito A / Sema E ","True","13.0","13.0","1200","ONGOING"
"c640fea9-8d13-3af0-81b7-4dcc58163b7f","Kumkhum L / Plipuech P 2:6 Ito A / Sema E ","True","50.0","50.0","4900","ONGOING"
"05f68047-3cfb-3437-beb2-6c76c9888b2a","Kumkhum L / Plipuech P 3:6 Ito A / Sema E ","True","12.0","12.0","1100","ONGOING"
"1382d914-8b2d-3469-907d-0717a27e7409","Kumkhum L / Plipuech P 4:6 Ito A / Sema E ","True","12.5","12.5","1150","ONGOING"
"d4351f26-82ad-3e99-838d-6fa23118ce80","Kumkhum L / Plipuech P 5:7 Ito A / Sema E ","True","17.5","17.5","1650","ONGOING"
"4ce804d3-3ece-3e14-a5a3-fd5cfc7875e1","Kumkhum L / Plipuech P 6:7 Ito A / Sema E ","True","14.5","14.5","1350","ONGOING"
"88c43c38-2262-3abf-a394-69f79ab8569b","4 Points","True","6.0","6.0","500","ONGOING"
"96a65844-970d-3835-a96b-1b2ee98f99bc","5 Points","True","3.4","3.4","240","ONGOING"
"ba02f505-0e4b-391e-b18c-897aa49444ac","6 Points","True","2.85","2.85","185","ONGOING"
"7da92865-0418-31ee-9250-2f9a6c5b505d","7+ Points","True","2.95","2.95","195","ONGOING"
"2af4172c-c6bc-3bfe-94ac-5b00d7545ed0","Kumkhum L / Plipuech P","True","2.15","2.15","115","ONGOING"
"ab991d70-fdd7-3039-b304-76578da0a57e","Ito A / Sema E","True","1.64516129","1.64","-155","ONGOING"
"0e6e7cb0-16e4-3d6a-bff3-fcfd94cc5360","Kumkhum L / Plipuech P","True","1.179856115","1.17","-556","ONGOING"
"b411bbea-7fa4-3ed6-9ca1-0e4163a2b1ca","Ito A / Sema E","True","4.15","4.15","315","ONGOING"
"0fd22a4e-1e83-3b6a-b2b3-99260d2cb7ca","Kumkhum L / Plipuech P","True","1.25","1.25","-400","ONGOING"
"4851c8d4-131e-3a03-bd6a-3e88817b9e6c","Ito A / Sema E","True","3.4","3.4","240","ONGOING"
"b50e3193-3324-3c4d-a322-c552a539a52d","Kumkhum L / Plipuech P","True","1.3003003","1.3","-333","ONGOING"
"b8c18dfa-1085-3ba7-a6a2-eab455e34dc6","Ito A / Sema E","True","3.2","3.2","220","ONGOING"
"e28e0e48-61bc-395a-a3b8-1cce226efb39","Yes","True","6.0","6.0","500","ONGOING"
"c78060e7-5683-3ac2-a793-ac6e1ef19ea8","No","True","1.083333333","1.08","-1200","ONGOING"
